-- phpMyAdmin SQL Dump
-- version 3.2.4
-- http://www.phpmyadmin.net
--
-- Host: localhost
-- Generation Time: Aug 11, 2011 at 11:53 AM
-- Server version: 5.1.41
-- PHP Version: 5.3.1

SET SQL_MODE="NO_AUTO_VALUE_ON_ZERO";


/*!40101 SET @OLD_CHARACTER_SET_CLIENT=@@CHARACTER_SET_CLIENT */;
/*!40101 SET @OLD_CHARACTER_SET_RESULTS=@@CHARACTER_SET_RESULTS */;
/*!40101 SET @OLD_COLLATION_CONNECTION=@@COLLATION_CONNECTION */;
/*!40101 SET NAMES utf8 */;

--
-- Database: `siemas`
--

-- --------------------------------------------------------

--
-- Table structure for table `absensi`
--

CREATE TABLE IF NOT EXISTS `absensi` (
  `id_absensi` bigint(20) NOT NULL AUTO_INCREMENT,
  `tanggal` date DEFAULT NULL,
  `hadir` tinyint(1) DEFAULT NULL,
  `jam_hadir` time DEFAULT NULL,
  `id_pegawai` int(11) NOT NULL,
  PRIMARY KEY (`id_absensi`),
  KEY `fk_absensi_pegawai1` (`id_pegawai`)
) ENGINE=InnoDB DEFAULT CHARSET=latin1 AUTO_INCREMENT=1 ;

--
-- Dumping data for table `absensi`
--


-- --------------------------------------------------------

--
-- Table structure for table `antrian`
--

CREATE TABLE IF NOT EXISTS `antrian` (
  `id_antrian` int(11) NOT NULL AUTO_INCREMENT,
  `status` enum('ANTRI','SEDANG DIPROSES','SELESAI') DEFAULT NULL,
  `id_kunjungan` int(11) NOT NULL,
  `id_poli` int(20) NOT NULL,
  PRIMARY KEY (`id_antrian`),
  KEY `fk_antrian_kunjungan1` (`id_kunjungan`),
  KEY `fk_antrian_kode_poli1` (`id_poli`)
) ENGINE=InnoDB  DEFAULT CHARSET=latin1 AUTO_INCREMENT=8 ;

--
-- Dumping data for table `antrian`
--

INSERT INTO `antrian` (`id_antrian`, `status`, `id_kunjungan`, `id_poli`) VALUES
(3, 'SELESAI', 1, 1),
(4, 'SELESAI', 2, 1),
(6, 'SELESAI', 3, 1),
(7, 'ANTRI', 4, 3);

-- --------------------------------------------------------

--
-- Table structure for table `campak`
--

CREATE TABLE IF NOT EXISTS `campak` (
  `id_campak` int(11) NOT NULL AUTO_INCREMENT,
  `hasil_pemeriksaan` enum('Amphetamin','Carabinoid','Cpiat') DEFAULT NULL,
  PRIMARY KEY (`id_campak`)
) ENGINE=InnoDB DEFAULT CHARSET=latin1 AUTO_INCREMENT=1 ;

--
-- Dumping data for table `campak`
--


-- --------------------------------------------------------

--
-- Table structure for table `cuti`
--

CREATE TABLE IF NOT EXISTS `cuti` (
  `id_cuti` int(11) NOT NULL AUTO_INCREMENT,
  `tanggal` date DEFAULT NULL,
  `alasan` varchar(45) DEFAULT NULL,
  `id_pegawai` int(11) NOT NULL,
  PRIMARY KEY (`id_cuti`),
  KEY `fk_cuti_pegawai1` (`id_pegawai`)
) ENGINE=InnoDB DEFAULT CHARSET=latin1 AUTO_INCREMENT=1 ;

--
-- Dumping data for table `cuti`
--


-- --------------------------------------------------------

--
-- Table structure for table `diare`
--

CREATE TABLE IF NOT EXISTS `diare` (
  `id_diare` int(11) NOT NULL AUTO_INCREMENT,
  `etiologi_diare` text,
  `keadaan_umum` enum('baik','gelisah','lesu') DEFAULT NULL,
  `keadaan_mata` enum('normal','cekung','sangat kering') DEFAULT NULL,
  `keadaan_air_mata` enum('ada','tidak ada') DEFAULT NULL,
  `keadaan_mulut` enum('basah','kering','sangat kering') DEFAULT NULL,
  `rasa_haus` enum('bisa minum','haus','malas minum') DEFAULT NULL,
  `turgor` enum('kembali cepat','kembali lambat','kembali sangat lambat') DEFAULT NULL,
  `derajat_dehidrasi` enum('tanpa','sedang','berat') DEFAULT NULL,
  `pemeriksaan_lab_khorela` enum('negatif','positif') DEFAULT NULL,
  `pemakaian` enum('oralit','ringer laktate') DEFAULT NULL,
  `keterangan` text,
  PRIMARY KEY (`id_diare`)
) ENGINE=InnoDB DEFAULT CHARSET=latin1 AUTO_INCREMENT=1 ;

--
-- Dumping data for table `diare`
--


-- --------------------------------------------------------

--
-- Table structure for table `dokter`
--

CREATE TABLE IF NOT EXISTS `dokter` (
  `id_dokter` int(11) NOT NULL AUTO_INCREMENT,
  `poli` varchar(45) DEFAULT NULL,
  `spesialisasi` varchar(255) DEFAULT NULL,
  `id_pegawai` int(11) NOT NULL,
  PRIMARY KEY (`id_dokter`),
  KEY `fk_dokter_pegawai1` (`id_pegawai`)
) ENGINE=InnoDB DEFAULT CHARSET=latin1 AUTO_INCREMENT=1 ;

--
-- Dumping data for table `dokter`
--


-- --------------------------------------------------------

--
-- Table structure for table `dp3`
--

CREATE TABLE IF NOT EXISTS `dp3` (
  `id_dp3` int(11) NOT NULL AUTO_INCREMENT,
  `tahun` int(11) DEFAULT NULL,
  `nilai` int(11) DEFAULT NULL,
  `id_pegawai` int(11) NOT NULL,
  PRIMARY KEY (`id_dp3`),
  KEY `fk_dp3_pegawai1` (`id_pegawai`)
) ENGINE=InnoDB DEFAULT CHARSET=latin1 AUTO_INCREMENT=1 ;

--
-- Dumping data for table `dp3`
--


-- --------------------------------------------------------

--
-- Table structure for table `gaji`
--

CREATE TABLE IF NOT EXISTS `gaji` (
  `id_gaji` int(11) NOT NULL AUTO_INCREMENT,
  `tanggal` date DEFAULT NULL,
  `gaji` mediumtext,
  `SK` varchar(100) DEFAULT NULL,
  `id_pegawai` int(11) NOT NULL,
  PRIMARY KEY (`id_gaji`),
  KEY `fk_gaji_pegawai1` (`id_pegawai`)
) ENGINE=InnoDB DEFAULT CHARSET=latin1 AUTO_INCREMENT=1 ;

--
-- Dumping data for table `gaji`
--


-- --------------------------------------------------------

--
-- Table structure for table `history_harian_obat`
--

CREATE TABLE IF NOT EXISTS `history_harian_obat` (
  `id_history_harian_obat` bigint(20) NOT NULL AUTO_INCREMENT,
  `stok_awal` int(11) DEFAULT NULL,
  `tanggal` date DEFAULT NULL,
  `id_obat` int(11) NOT NULL,
  PRIMARY KEY (`id_history_harian_obat`),
  KEY `fk_history_harian_obat_obat1` (`id_obat`)
) ENGINE=InnoDB  DEFAULT CHARSET=latin1 AUTO_INCREMENT=1873 ;

--
-- Dumping data for table `history_harian_obat`
--

INSERT INTO `history_harian_obat` (`id_history_harian_obat`, `stok_awal`, `tanggal`, `id_obat`) VALUES
(1, 45, '2011-08-02', 1),
(2, 95, '2011-08-02', 2),
(3, 93, '2011-08-02', 3),
(4, 50, '2011-08-02', 4),
(5, 50, '2011-08-02', 5),
(6, 50, '2011-08-02', 6),
(7, 100, '2011-08-02', 7),
(8, 50, '2011-08-02', 8),
(9, 50, '2011-08-02', 9),
(10, 199, '2011-08-02', 10),
(11, 100, '2011-08-02', 11),
(12, 0, '2011-08-02', 12),
(13, 0, '2011-08-02', 13),
(14, 0, '2011-08-02', 14),
(15, 0, '2011-08-02', 15),
(16, 0, '2011-08-02', 16),
(17, 0, '2011-08-02', 17),
(18, 0, '2011-08-02', 18),
(19, 0, '2011-08-02', 19),
(20, 0, '2011-08-02', 20),
(21, 0, '2011-08-02', 21),
(22, 0, '2011-08-02', 22),
(23, 0, '2011-08-02', 23),
(24, 0, '2011-08-02', 24),
(25, 0, '2011-08-02', 25),
(26, 0, '2011-08-02', 26),
(27, 0, '2011-08-02', 27),
(28, 0, '2011-08-02', 28),
(29, 0, '2011-08-02', 29),
(30, 0, '2011-08-02', 30),
(31, 0, '2011-08-02', 31),
(32, 0, '2011-08-02', 32),
(33, 0, '2011-08-02', 33),
(34, 0, '2011-08-02', 34),
(35, 0, '2011-08-02', 35),
(36, 0, '2011-08-02', 36),
(37, 0, '2011-08-02', 37),
(38, 0, '2011-08-02', 38),
(39, 0, '2011-08-02', 39),
(40, 0, '2011-08-02', 40),
(41, 0, '2011-08-02', 41),
(42, 0, '2011-08-02', 42),
(43, 0, '2011-08-02', 43),
(44, 0, '2011-08-02', 44),
(45, 0, '2011-08-02', 45),
(46, 0, '2011-08-02', 46),
(47, 0, '2011-08-02', 47),
(48, 0, '2011-08-02', 48),
(49, 0, '2011-08-02', 49),
(50, 0, '2011-08-02', 50),
(51, 0, '2011-08-02', 51),
(52, 0, '2011-08-02', 52),
(53, 0, '2011-08-02', 53),
(54, 0, '2011-08-02', 54),
(55, 0, '2011-08-02', 55),
(56, 0, '2011-08-02', 56),
(57, 0, '2011-08-02', 57),
(58, 0, '2011-08-02', 58),
(59, 0, '2011-08-02', 59),
(60, 0, '2011-08-02', 60),
(61, 0, '2011-08-02', 61),
(62, 0, '2011-08-02', 62),
(63, 0, '2011-08-02', 63),
(64, 0, '2011-08-02', 64),
(65, 0, '2011-08-02', 65),
(66, 0, '2011-08-02', 66),
(67, 0, '2011-08-02', 67),
(68, 0, '2011-08-02', 68),
(69, 0, '2011-08-02', 69),
(70, 0, '2011-08-02', 70),
(71, 0, '2011-08-02', 71),
(72, 0, '2011-08-02', 72),
(73, 0, '2011-08-02', 73),
(74, 0, '2011-08-02', 74),
(75, 0, '2011-08-02', 75),
(76, 0, '2011-08-02', 76),
(77, 0, '2011-08-02', 77),
(78, 0, '2011-08-02', 78),
(79, 0, '2011-08-02', 79),
(80, 0, '2011-08-02', 80),
(81, 0, '2011-08-02', 81),
(82, 0, '2011-08-02', 82),
(83, 0, '2011-08-02', 83),
(84, 0, '2011-08-02', 84),
(85, 0, '2011-08-02', 85),
(86, 0, '2011-08-02', 86),
(87, 0, '2011-08-02', 87),
(88, 0, '2011-08-02', 88),
(89, 0, '2011-08-02', 89),
(90, 0, '2011-08-02', 90),
(91, 0, '2011-08-02', 91),
(92, 0, '2011-08-02', 92),
(93, 0, '2011-08-02', 93),
(94, 0, '2011-08-02', 94),
(95, 0, '2011-08-02', 95),
(96, 0, '2011-08-02', 96),
(97, 0, '2011-08-02', 97),
(98, 0, '2011-08-02', 98),
(99, 0, '2011-08-02', 99),
(100, 0, '2011-08-02', 100),
(101, 0, '2011-08-02', 101),
(102, 0, '2011-08-02', 102),
(103, 0, '2011-08-02', 103),
(104, 0, '2011-08-02', 104),
(105, 0, '2011-08-02', 105),
(106, 0, '2011-08-02', 106),
(107, 0, '2011-08-02', 107),
(108, 0, '2011-08-02', 108),
(109, 0, '2011-08-02', 109),
(110, 0, '2011-08-02', 110),
(111, 0, '2011-08-02', 111),
(112, 0, '2011-08-02', 112),
(113, 0, '2011-08-02', 113),
(114, 0, '2011-08-02', 114),
(115, 0, '2011-08-02', 115),
(116, 0, '2011-08-02', 116),
(117, 0, '2011-08-02', 117),
(118, 0, '2011-08-02', 118),
(119, 0, '2011-08-02', 119),
(120, 0, '2011-08-02', 120),
(121, 0, '2011-08-02', 121),
(122, 0, '2011-08-02', 122),
(123, 0, '2011-08-02', 123),
(124, 0, '2011-08-02', 124),
(125, 0, '2011-08-02', 125),
(126, 0, '2011-08-02', 126),
(127, 0, '2011-08-02', 127),
(128, 0, '2011-08-02', 128),
(129, 0, '2011-08-02', 129),
(130, 0, '2011-08-02', 130),
(131, 0, '2011-08-02', 131),
(132, 0, '2011-08-02', 132),
(133, 0, '2011-08-02', 133),
(134, 0, '2011-08-02', 134),
(135, 0, '2011-08-02', 135),
(136, 0, '2011-08-02', 136),
(137, 0, '2011-08-02', 137),
(138, 0, '2011-08-02', 138),
(139, 0, '2011-08-02', 139),
(140, 0, '2011-08-02', 140),
(141, 0, '2011-08-02', 141),
(142, 0, '2011-08-02', 142),
(143, 0, '2011-08-02', 143),
(144, 0, '2011-08-02', 144),
(145, 0, '2011-08-02', 145),
(146, 0, '2011-08-02', 146),
(147, 0, '2011-08-02', 147),
(148, 0, '2011-08-02', 148),
(149, 0, '2011-08-02', 149),
(150, 0, '2011-08-02', 150),
(151, 0, '2011-08-02', 151),
(152, 0, '2011-08-02', 152),
(153, 0, '2011-08-02', 153),
(154, 0, '2011-08-02', 154),
(155, 0, '2011-08-02', 155),
(156, 0, '2011-08-02', 156),
(157, 0, '2011-08-02', 157),
(158, 0, '2011-08-02', 158),
(159, 0, '2011-08-02', 159),
(160, 0, '2011-08-02', 160),
(161, 0, '2011-08-02', 161),
(162, 0, '2011-08-02', 162),
(163, 0, '2011-08-02', 163),
(164, 0, '2011-08-02', 164),
(165, 0, '2011-08-02', 165),
(166, 0, '2011-08-02', 166),
(167, 0, '2011-08-02', 167),
(168, 0, '2011-08-02', 168),
(169, 0, '2011-08-02', 169),
(170, 0, '2011-08-02', 170),
(171, 0, '2011-08-02', 171),
(172, 0, '2011-08-02', 172),
(173, 0, '2011-08-02', 173),
(174, 0, '2011-08-02', 174),
(175, 0, '2011-08-02', 175),
(176, 0, '2011-08-02', 176),
(177, 0, '2011-08-02', 177),
(178, 0, '2011-08-02', 178),
(179, 0, '2011-08-02', 179),
(180, 0, '2011-08-02', 180),
(181, 0, '2011-08-02', 181),
(182, 0, '2011-08-02', 182),
(183, 0, '2011-08-02', 183),
(184, 0, '2011-08-02', 184),
(185, 0, '2011-08-02', 185),
(186, 0, '2011-08-02', 186),
(187, 0, '2011-08-02', 187),
(188, 0, '2011-08-02', 188),
(189, 0, '2011-08-02', 189),
(190, 0, '2011-08-02', 190),
(191, 0, '2011-08-02', 191),
(192, 0, '2011-08-02', 192),
(193, 0, '2011-08-02', 193),
(194, 0, '2011-08-02', 194),
(195, 0, '2011-08-02', 195),
(196, 0, '2011-08-02', 196),
(197, 0, '2011-08-02', 197),
(198, 0, '2011-08-02', 198),
(199, 0, '2011-08-02', 199),
(200, 0, '2011-08-02', 200),
(201, 0, '2011-08-02', 201),
(202, 0, '2011-08-02', 202),
(203, 0, '2011-08-02', 203),
(204, 0, '2011-08-02', 204),
(205, 0, '2011-08-02', 205),
(206, 0, '2011-08-02', 206),
(207, 0, '2011-08-02', 207),
(208, 0, '2011-08-02', 208),
(209, 0, '2011-08-02', 209),
(210, 0, '2011-08-02', 210),
(211, 0, '2011-08-02', 211),
(212, 0, '2011-08-02', 212),
(213, 0, '2011-08-02', 213),
(214, 0, '2011-08-02', 214),
(215, 0, '2011-08-02', 215),
(216, 0, '2011-08-02', 216),
(217, 0, '2011-08-02', 217),
(218, 0, '2011-08-02', 218),
(219, 0, '2011-08-02', 219),
(220, 0, '2011-08-02', 220),
(221, 0, '2011-08-02', 221),
(222, 0, '2011-08-02', 222),
(223, 0, '2011-08-02', 223),
(224, 0, '2011-08-02', 224),
(225, 0, '2011-08-02', 225),
(226, 0, '2011-08-02', 226),
(227, 0, '2011-08-02', 227),
(228, 0, '2011-08-02', 228),
(229, 0, '2011-08-02', 229),
(230, 0, '2011-08-02', 230),
(231, 0, '2011-08-02', 231),
(232, 0, '2011-08-02', 232),
(233, 0, '2011-08-02', 233),
(234, 0, '2011-08-02', 234),
(235, 45, '2011-08-03', 1),
(236, 95, '2011-08-03', 2),
(237, 93, '2011-08-03', 3),
(238, 50, '2011-08-03', 4),
(239, 50, '2011-08-03', 5),
(240, 50, '2011-08-03', 6),
(241, 100, '2011-08-03', 7),
(242, 50, '2011-08-03', 8),
(243, 50, '2011-08-03', 9),
(244, 199, '2011-08-03', 10),
(245, 100, '2011-08-03', 11),
(246, 0, '2011-08-03', 12),
(247, 0, '2011-08-03', 13),
(248, 0, '2011-08-03', 14),
(249, 0, '2011-08-03', 15),
(250, 0, '2011-08-03', 16),
(251, 0, '2011-08-03', 17),
(252, 0, '2011-08-03', 18),
(253, 0, '2011-08-03', 19),
(254, 0, '2011-08-03', 20),
(255, 0, '2011-08-03', 21),
(256, 0, '2011-08-03', 22),
(257, 0, '2011-08-03', 23),
(258, 0, '2011-08-03', 24),
(259, 0, '2011-08-03', 25),
(260, 0, '2011-08-03', 26),
(261, 0, '2011-08-03', 27),
(262, 0, '2011-08-03', 28),
(263, 0, '2011-08-03', 29),
(264, 0, '2011-08-03', 30),
(265, 0, '2011-08-03', 31),
(266, 0, '2011-08-03', 32),
(267, 0, '2011-08-03', 33),
(268, 0, '2011-08-03', 34),
(269, 0, '2011-08-03', 35),
(270, 0, '2011-08-03', 36),
(271, 0, '2011-08-03', 37),
(272, 0, '2011-08-03', 38),
(273, 0, '2011-08-03', 39),
(274, 0, '2011-08-03', 40),
(275, 0, '2011-08-03', 41),
(276, 0, '2011-08-03', 42),
(277, 0, '2011-08-03', 43),
(278, 0, '2011-08-03', 44),
(279, 0, '2011-08-03', 45),
(280, 0, '2011-08-03', 46),
(281, 0, '2011-08-03', 47),
(282, 0, '2011-08-03', 48),
(283, 0, '2011-08-03', 49),
(284, 0, '2011-08-03', 50),
(285, 0, '2011-08-03', 51),
(286, 0, '2011-08-03', 52),
(287, 0, '2011-08-03', 53),
(288, 0, '2011-08-03', 54),
(289, 0, '2011-08-03', 55),
(290, 0, '2011-08-03', 56),
(291, 0, '2011-08-03', 57),
(292, 0, '2011-08-03', 58),
(293, 0, '2011-08-03', 59),
(294, 0, '2011-08-03', 60),
(295, 0, '2011-08-03', 61),
(296, 0, '2011-08-03', 62),
(297, 0, '2011-08-03', 63),
(298, 0, '2011-08-03', 64),
(299, 0, '2011-08-03', 65),
(300, 0, '2011-08-03', 66),
(301, 0, '2011-08-03', 67),
(302, 0, '2011-08-03', 68),
(303, 0, '2011-08-03', 69),
(304, 0, '2011-08-03', 70),
(305, 0, '2011-08-03', 71),
(306, 0, '2011-08-03', 72),
(307, 0, '2011-08-03', 73),
(308, 0, '2011-08-03', 74),
(309, 0, '2011-08-03', 75),
(310, 0, '2011-08-03', 76),
(311, 0, '2011-08-03', 77),
(312, 0, '2011-08-03', 78),
(313, 0, '2011-08-03', 79),
(314, 0, '2011-08-03', 80),
(315, 0, '2011-08-03', 81),
(316, 0, '2011-08-03', 82),
(317, 0, '2011-08-03', 83),
(318, 0, '2011-08-03', 84),
(319, 0, '2011-08-03', 85),
(320, 0, '2011-08-03', 86),
(321, 0, '2011-08-03', 87),
(322, 0, '2011-08-03', 88),
(323, 0, '2011-08-03', 89),
(324, 0, '2011-08-03', 90),
(325, 0, '2011-08-03', 91),
(326, 0, '2011-08-03', 92),
(327, 0, '2011-08-03', 93),
(328, 0, '2011-08-03', 94),
(329, 0, '2011-08-03', 95),
(330, 0, '2011-08-03', 96),
(331, 0, '2011-08-03', 97),
(332, 0, '2011-08-03', 98),
(333, 0, '2011-08-03', 99),
(334, 0, '2011-08-03', 100),
(335, 0, '2011-08-03', 101),
(336, 0, '2011-08-03', 102),
(337, 0, '2011-08-03', 103),
(338, 0, '2011-08-03', 104),
(339, 0, '2011-08-03', 105),
(340, 0, '2011-08-03', 106),
(341, 0, '2011-08-03', 107),
(342, 0, '2011-08-03', 108),
(343, 0, '2011-08-03', 109),
(344, 0, '2011-08-03', 110),
(345, 0, '2011-08-03', 111),
(346, 0, '2011-08-03', 112),
(347, 0, '2011-08-03', 113),
(348, 0, '2011-08-03', 114),
(349, 0, '2011-08-03', 115),
(350, 0, '2011-08-03', 116),
(351, 0, '2011-08-03', 117),
(352, 0, '2011-08-03', 118),
(353, 0, '2011-08-03', 119),
(354, 0, '2011-08-03', 120),
(355, 0, '2011-08-03', 121),
(356, 0, '2011-08-03', 122),
(357, 0, '2011-08-03', 123),
(358, 0, '2011-08-03', 124),
(359, 0, '2011-08-03', 125),
(360, 0, '2011-08-03', 126),
(361, 0, '2011-08-03', 127),
(362, 0, '2011-08-03', 128),
(363, 0, '2011-08-03', 129),
(364, 0, '2011-08-03', 130),
(365, 0, '2011-08-03', 131),
(366, 0, '2011-08-03', 132),
(367, 0, '2011-08-03', 133),
(368, 0, '2011-08-03', 134),
(369, 0, '2011-08-03', 135),
(370, 0, '2011-08-03', 136),
(371, 0, '2011-08-03', 137),
(372, 0, '2011-08-03', 138),
(373, 0, '2011-08-03', 139),
(374, 0, '2011-08-03', 140),
(375, 0, '2011-08-03', 141),
(376, 0, '2011-08-03', 142),
(377, 0, '2011-08-03', 143),
(378, 0, '2011-08-03', 144),
(379, 0, '2011-08-03', 145),
(380, 0, '2011-08-03', 146),
(381, 0, '2011-08-03', 147),
(382, 0, '2011-08-03', 148),
(383, 0, '2011-08-03', 149),
(384, 0, '2011-08-03', 150),
(385, 0, '2011-08-03', 151),
(386, 0, '2011-08-03', 152),
(387, 0, '2011-08-03', 153),
(388, 0, '2011-08-03', 154),
(389, 0, '2011-08-03', 155),
(390, 0, '2011-08-03', 156),
(391, 0, '2011-08-03', 157),
(392, 0, '2011-08-03', 158),
(393, 0, '2011-08-03', 159),
(394, 0, '2011-08-03', 160),
(395, 0, '2011-08-03', 161),
(396, 0, '2011-08-03', 162),
(397, 0, '2011-08-03', 163),
(398, 0, '2011-08-03', 164),
(399, 0, '2011-08-03', 165),
(400, 0, '2011-08-03', 166),
(401, 0, '2011-08-03', 167),
(402, 0, '2011-08-03', 168),
(403, 0, '2011-08-03', 169),
(404, 0, '2011-08-03', 170),
(405, 0, '2011-08-03', 171),
(406, 0, '2011-08-03', 172),
(407, 0, '2011-08-03', 173),
(408, 0, '2011-08-03', 174),
(409, 0, '2011-08-03', 175),
(410, 0, '2011-08-03', 176),
(411, 0, '2011-08-03', 177),
(412, 0, '2011-08-03', 178),
(413, 0, '2011-08-03', 179),
(414, 0, '2011-08-03', 180),
(415, 0, '2011-08-03', 181),
(416, 0, '2011-08-03', 182),
(417, 0, '2011-08-03', 183),
(418, 0, '2011-08-03', 184),
(419, 0, '2011-08-03', 185),
(420, 0, '2011-08-03', 186),
(421, 0, '2011-08-03', 187),
(422, 0, '2011-08-03', 188),
(423, 0, '2011-08-03', 189),
(424, 0, '2011-08-03', 190),
(425, 0, '2011-08-03', 191),
(426, 0, '2011-08-03', 192),
(427, 0, '2011-08-03', 193),
(428, 0, '2011-08-03', 194),
(429, 0, '2011-08-03', 195),
(430, 0, '2011-08-03', 196),
(431, 0, '2011-08-03', 197),
(432, 0, '2011-08-03', 198),
(433, 0, '2011-08-03', 199),
(434, 0, '2011-08-03', 200),
(435, 0, '2011-08-03', 201),
(436, 0, '2011-08-03', 202),
(437, 0, '2011-08-03', 203),
(438, 0, '2011-08-03', 204),
(439, 0, '2011-08-03', 205),
(440, 0, '2011-08-03', 206),
(441, 0, '2011-08-03', 207),
(442, 0, '2011-08-03', 208),
(443, 0, '2011-08-03', 209),
(444, 0, '2011-08-03', 210),
(445, 0, '2011-08-03', 211),
(446, 0, '2011-08-03', 212),
(447, 0, '2011-08-03', 213),
(448, 0, '2011-08-03', 214),
(449, 0, '2011-08-03', 215),
(450, 0, '2011-08-03', 216),
(451, 0, '2011-08-03', 217),
(452, 0, '2011-08-03', 218),
(453, 0, '2011-08-03', 219),
(454, 0, '2011-08-03', 220),
(455, 0, '2011-08-03', 221),
(456, 0, '2011-08-03', 222),
(457, 0, '2011-08-03', 223),
(458, 0, '2011-08-03', 224),
(459, 0, '2011-08-03', 225),
(460, 0, '2011-08-03', 226),
(461, 0, '2011-08-03', 227),
(462, 0, '2011-08-03', 228),
(463, 0, '2011-08-03', 229),
(464, 0, '2011-08-03', 230),
(465, 0, '2011-08-03', 231),
(466, 0, '2011-08-03', 232),
(467, 0, '2011-08-03', 233),
(468, 0, '2011-08-03', 234),
(469, 45, '2011-08-04', 1),
(470, 95, '2011-08-04', 2),
(471, 93, '2011-08-04', 3),
(472, 50, '2011-08-04', 4),
(473, 50, '2011-08-04', 5),
(474, 50, '2011-08-04', 6),
(475, 100, '2011-08-04', 7),
(476, 50, '2011-08-04', 8),
(477, 50, '2011-08-04', 9),
(478, 199, '2011-08-04', 10),
(479, 100, '2011-08-04', 11),
(480, 0, '2011-08-04', 12),
(481, 0, '2011-08-04', 13),
(482, 0, '2011-08-04', 14),
(483, 0, '2011-08-04', 15),
(484, 0, '2011-08-04', 16),
(485, 0, '2011-08-04', 17),
(486, 0, '2011-08-04', 18),
(487, 0, '2011-08-04', 19),
(488, 0, '2011-08-04', 20),
(489, 0, '2011-08-04', 21),
(490, 0, '2011-08-04', 22),
(491, 0, '2011-08-04', 23),
(492, 0, '2011-08-04', 24),
(493, 0, '2011-08-04', 25),
(494, 0, '2011-08-04', 26),
(495, 0, '2011-08-04', 27),
(496, 0, '2011-08-04', 28),
(497, 0, '2011-08-04', 29),
(498, 0, '2011-08-04', 30),
(499, 0, '2011-08-04', 31),
(500, 0, '2011-08-04', 32),
(501, 0, '2011-08-04', 33),
(502, 0, '2011-08-04', 34),
(503, 0, '2011-08-04', 35),
(504, 0, '2011-08-04', 36),
(505, 0, '2011-08-04', 37),
(506, 0, '2011-08-04', 38),
(507, 0, '2011-08-04', 39),
(508, 0, '2011-08-04', 40),
(509, 0, '2011-08-04', 41),
(510, 0, '2011-08-04', 42),
(511, 0, '2011-08-04', 43),
(512, 0, '2011-08-04', 44),
(513, 0, '2011-08-04', 45),
(514, 0, '2011-08-04', 46),
(515, 0, '2011-08-04', 47),
(516, 0, '2011-08-04', 48),
(517, 0, '2011-08-04', 49),
(518, 0, '2011-08-04', 50),
(519, 0, '2011-08-04', 51),
(520, 0, '2011-08-04', 52),
(521, 0, '2011-08-04', 53),
(522, 0, '2011-08-04', 54),
(523, 0, '2011-08-04', 55),
(524, 0, '2011-08-04', 56),
(525, 0, '2011-08-04', 57),
(526, 0, '2011-08-04', 58),
(527, 0, '2011-08-04', 59),
(528, 0, '2011-08-04', 60),
(529, 0, '2011-08-04', 61),
(530, 0, '2011-08-04', 62),
(531, 0, '2011-08-04', 63),
(532, 0, '2011-08-04', 64),
(533, 0, '2011-08-04', 65),
(534, 0, '2011-08-04', 66),
(535, 0, '2011-08-04', 67),
(536, 0, '2011-08-04', 68),
(537, 0, '2011-08-04', 69),
(538, 0, '2011-08-04', 70),
(539, 0, '2011-08-04', 71),
(540, 0, '2011-08-04', 72),
(541, 0, '2011-08-04', 73),
(542, 0, '2011-08-04', 74),
(543, 0, '2011-08-04', 75),
(544, 0, '2011-08-04', 76),
(545, 0, '2011-08-04', 77),
(546, 0, '2011-08-04', 78),
(547, 0, '2011-08-04', 79),
(548, 0, '2011-08-04', 80),
(549, 0, '2011-08-04', 81),
(550, 0, '2011-08-04', 82),
(551, 0, '2011-08-04', 83),
(552, 0, '2011-08-04', 84),
(553, 0, '2011-08-04', 85),
(554, 0, '2011-08-04', 86),
(555, 0, '2011-08-04', 87),
(556, 0, '2011-08-04', 88),
(557, 0, '2011-08-04', 89),
(558, 0, '2011-08-04', 90),
(559, 0, '2011-08-04', 91),
(560, 0, '2011-08-04', 92),
(561, 0, '2011-08-04', 93),
(562, 0, '2011-08-04', 94),
(563, 0, '2011-08-04', 95),
(564, 0, '2011-08-04', 96),
(565, 0, '2011-08-04', 97),
(566, 0, '2011-08-04', 98),
(567, 0, '2011-08-04', 99),
(568, 0, '2011-08-04', 100),
(569, 0, '2011-08-04', 101),
(570, 0, '2011-08-04', 102),
(571, 0, '2011-08-04', 103),
(572, 0, '2011-08-04', 104),
(573, 0, '2011-08-04', 105),
(574, 0, '2011-08-04', 106),
(575, 0, '2011-08-04', 107),
(576, 0, '2011-08-04', 108),
(577, 0, '2011-08-04', 109),
(578, 0, '2011-08-04', 110),
(579, 0, '2011-08-04', 111),
(580, 0, '2011-08-04', 112),
(581, 0, '2011-08-04', 113),
(582, 0, '2011-08-04', 114),
(583, 0, '2011-08-04', 115),
(584, 0, '2011-08-04', 116),
(585, 0, '2011-08-04', 117),
(586, 0, '2011-08-04', 118),
(587, 0, '2011-08-04', 119),
(588, 0, '2011-08-04', 120),
(589, 0, '2011-08-04', 121),
(590, 0, '2011-08-04', 122),
(591, 0, '2011-08-04', 123),
(592, 0, '2011-08-04', 124),
(593, 0, '2011-08-04', 125),
(594, 0, '2011-08-04', 126),
(595, 0, '2011-08-04', 127),
(596, 0, '2011-08-04', 128),
(597, 0, '2011-08-04', 129),
(598, 0, '2011-08-04', 130),
(599, 0, '2011-08-04', 131),
(600, 0, '2011-08-04', 132),
(601, 0, '2011-08-04', 133),
(602, 0, '2011-08-04', 134),
(603, 0, '2011-08-04', 135),
(604, 0, '2011-08-04', 136),
(605, 0, '2011-08-04', 137),
(606, 0, '2011-08-04', 138),
(607, 0, '2011-08-04', 139),
(608, 0, '2011-08-04', 140),
(609, 0, '2011-08-04', 141),
(610, 0, '2011-08-04', 142),
(611, 0, '2011-08-04', 143),
(612, 0, '2011-08-04', 144),
(613, 0, '2011-08-04', 145),
(614, 0, '2011-08-04', 146),
(615, 0, '2011-08-04', 147),
(616, 0, '2011-08-04', 148),
(617, 0, '2011-08-04', 149),
(618, 0, '2011-08-04', 150),
(619, 0, '2011-08-04', 151),
(620, 0, '2011-08-04', 152),
(621, 0, '2011-08-04', 153),
(622, 0, '2011-08-04', 154),
(623, 0, '2011-08-04', 155),
(624, 0, '2011-08-04', 156),
(625, 0, '2011-08-04', 157),
(626, 0, '2011-08-04', 158),
(627, 0, '2011-08-04', 159),
(628, 0, '2011-08-04', 160),
(629, 0, '2011-08-04', 161),
(630, 0, '2011-08-04', 162),
(631, 0, '2011-08-04', 163),
(632, 0, '2011-08-04', 164),
(633, 0, '2011-08-04', 165),
(634, 0, '2011-08-04', 166),
(635, 0, '2011-08-04', 167),
(636, 0, '2011-08-04', 168),
(637, 0, '2011-08-04', 169),
(638, 0, '2011-08-04', 170),
(639, 0, '2011-08-04', 171),
(640, 0, '2011-08-04', 172),
(641, 0, '2011-08-04', 173),
(642, 0, '2011-08-04', 174),
(643, 0, '2011-08-04', 175),
(644, 0, '2011-08-04', 176),
(645, 0, '2011-08-04', 177),
(646, 0, '2011-08-04', 178),
(647, 0, '2011-08-04', 179),
(648, 0, '2011-08-04', 180),
(649, 0, '2011-08-04', 181),
(650, 0, '2011-08-04', 182),
(651, 0, '2011-08-04', 183),
(652, 0, '2011-08-04', 184),
(653, 0, '2011-08-04', 185),
(654, 0, '2011-08-04', 186),
(655, 0, '2011-08-04', 187),
(656, 0, '2011-08-04', 188),
(657, 0, '2011-08-04', 189),
(658, 0, '2011-08-04', 190),
(659, 0, '2011-08-04', 191),
(660, 0, '2011-08-04', 192),
(661, 0, '2011-08-04', 193),
(662, 0, '2011-08-04', 194),
(663, 0, '2011-08-04', 195),
(664, 0, '2011-08-04', 196),
(665, 0, '2011-08-04', 197),
(666, 0, '2011-08-04', 198),
(667, 0, '2011-08-04', 199),
(668, 0, '2011-08-04', 200),
(669, 0, '2011-08-04', 201),
(670, 0, '2011-08-04', 202),
(671, 0, '2011-08-04', 203),
(672, 0, '2011-08-04', 204),
(673, 0, '2011-08-04', 205),
(674, 0, '2011-08-04', 206),
(675, 0, '2011-08-04', 207),
(676, 0, '2011-08-04', 208),
(677, 0, '2011-08-04', 209),
(678, 0, '2011-08-04', 210),
(679, 0, '2011-08-04', 211),
(680, 0, '2011-08-04', 212),
(681, 0, '2011-08-04', 213),
(682, 0, '2011-08-04', 214),
(683, 0, '2011-08-04', 215),
(684, 0, '2011-08-04', 216),
(685, 0, '2011-08-04', 217),
(686, 0, '2011-08-04', 218),
(687, 0, '2011-08-04', 219),
(688, 0, '2011-08-04', 220),
(689, 0, '2011-08-04', 221),
(690, 0, '2011-08-04', 222),
(691, 0, '2011-08-04', 223),
(692, 0, '2011-08-04', 224),
(693, 0, '2011-08-04', 225),
(694, 0, '2011-08-04', 226),
(695, 0, '2011-08-04', 227),
(696, 0, '2011-08-04', 228),
(697, 0, '2011-08-04', 229),
(698, 0, '2011-08-04', 230),
(699, 0, '2011-08-04', 231),
(700, 0, '2011-08-04', 232),
(701, 0, '2011-08-04', 233),
(702, 0, '2011-08-04', 234),
(703, 45, '2011-08-05', 1),
(704, 95, '2011-08-05', 2),
(705, 93, '2011-08-05', 3),
(706, 50, '2011-08-05', 4),
(707, 50, '2011-08-05', 5),
(708, 50, '2011-08-05', 6),
(709, 100, '2011-08-05', 7),
(710, 50, '2011-08-05', 8),
(711, 50, '2011-08-05', 9),
(712, 199, '2011-08-05', 10),
(713, 100, '2011-08-05', 11),
(714, 0, '2011-08-05', 12),
(715, 0, '2011-08-05', 13),
(716, 0, '2011-08-05', 14),
(717, 0, '2011-08-05', 15),
(718, 0, '2011-08-05', 16),
(719, 0, '2011-08-05', 17),
(720, 0, '2011-08-05', 18),
(721, 0, '2011-08-05', 19),
(722, 0, '2011-08-05', 20),
(723, 0, '2011-08-05', 21),
(724, 0, '2011-08-05', 22),
(725, 0, '2011-08-05', 23),
(726, 0, '2011-08-05', 24),
(727, 0, '2011-08-05', 25),
(728, 0, '2011-08-05', 26),
(729, 0, '2011-08-05', 27),
(730, 0, '2011-08-05', 28),
(731, 0, '2011-08-05', 29),
(732, 0, '2011-08-05', 30),
(733, 0, '2011-08-05', 31),
(734, 0, '2011-08-05', 32),
(735, 0, '2011-08-05', 33),
(736, 0, '2011-08-05', 34),
(737, 0, '2011-08-05', 35),
(738, 0, '2011-08-05', 36),
(739, 0, '2011-08-05', 37),
(740, 0, '2011-08-05', 38),
(741, 0, '2011-08-05', 39),
(742, 0, '2011-08-05', 40),
(743, 0, '2011-08-05', 41),
(744, 0, '2011-08-05', 42),
(745, 0, '2011-08-05', 43),
(746, 0, '2011-08-05', 44),
(747, 0, '2011-08-05', 45),
(748, 0, '2011-08-05', 46),
(749, 0, '2011-08-05', 47),
(750, 0, '2011-08-05', 48),
(751, 0, '2011-08-05', 49),
(752, 0, '2011-08-05', 50),
(753, 0, '2011-08-05', 51),
(754, 0, '2011-08-05', 52),
(755, 0, '2011-08-05', 53),
(756, 0, '2011-08-05', 54),
(757, 0, '2011-08-05', 55),
(758, 0, '2011-08-05', 56),
(759, 0, '2011-08-05', 57),
(760, 0, '2011-08-05', 58),
(761, 0, '2011-08-05', 59),
(762, 0, '2011-08-05', 60),
(763, 0, '2011-08-05', 61),
(764, 0, '2011-08-05', 62),
(765, 0, '2011-08-05', 63),
(766, 0, '2011-08-05', 64),
(767, 0, '2011-08-05', 65),
(768, 0, '2011-08-05', 66),
(769, 0, '2011-08-05', 67),
(770, 0, '2011-08-05', 68),
(771, 0, '2011-08-05', 69),
(772, 0, '2011-08-05', 70),
(773, 0, '2011-08-05', 71),
(774, 0, '2011-08-05', 72),
(775, 0, '2011-08-05', 73),
(776, 0, '2011-08-05', 74),
(777, 0, '2011-08-05', 75),
(778, 0, '2011-08-05', 76),
(779, 0, '2011-08-05', 77),
(780, 0, '2011-08-05', 78),
(781, 0, '2011-08-05', 79),
(782, 0, '2011-08-05', 80),
(783, 0, '2011-08-05', 81),
(784, 0, '2011-08-05', 82),
(785, 0, '2011-08-05', 83),
(786, 0, '2011-08-05', 84),
(787, 0, '2011-08-05', 85),
(788, 0, '2011-08-05', 86),
(789, 0, '2011-08-05', 87),
(790, 0, '2011-08-05', 88),
(791, 0, '2011-08-05', 89),
(792, 0, '2011-08-05', 90),
(793, 0, '2011-08-05', 91),
(794, 0, '2011-08-05', 92),
(795, 0, '2011-08-05', 93),
(796, 0, '2011-08-05', 94),
(797, 0, '2011-08-05', 95),
(798, 0, '2011-08-05', 96),
(799, 0, '2011-08-05', 97),
(800, 0, '2011-08-05', 98),
(801, 0, '2011-08-05', 99),
(802, 0, '2011-08-05', 100),
(803, 0, '2011-08-05', 101),
(804, 0, '2011-08-05', 102),
(805, 0, '2011-08-05', 103),
(806, 0, '2011-08-05', 104),
(807, 0, '2011-08-05', 105),
(808, 0, '2011-08-05', 106),
(809, 0, '2011-08-05', 107),
(810, 0, '2011-08-05', 108),
(811, 0, '2011-08-05', 109),
(812, 0, '2011-08-05', 110),
(813, 0, '2011-08-05', 111),
(814, 0, '2011-08-05', 112),
(815, 0, '2011-08-05', 113),
(816, 0, '2011-08-05', 114),
(817, 0, '2011-08-05', 115),
(818, 0, '2011-08-05', 116),
(819, 0, '2011-08-05', 117),
(820, 0, '2011-08-05', 118),
(821, 0, '2011-08-05', 119),
(822, 0, '2011-08-05', 120),
(823, 0, '2011-08-05', 121),
(824, 0, '2011-08-05', 122),
(825, 0, '2011-08-05', 123),
(826, 0, '2011-08-05', 124),
(827, 0, '2011-08-05', 125),
(828, 0, '2011-08-05', 126),
(829, 0, '2011-08-05', 127),
(830, 0, '2011-08-05', 128),
(831, 0, '2011-08-05', 129),
(832, 0, '2011-08-05', 130),
(833, 0, '2011-08-05', 131),
(834, 0, '2011-08-05', 132),
(835, 0, '2011-08-05', 133),
(836, 0, '2011-08-05', 134),
(837, 0, '2011-08-05', 135),
(838, 0, '2011-08-05', 136),
(839, 0, '2011-08-05', 137),
(840, 0, '2011-08-05', 138),
(841, 0, '2011-08-05', 139),
(842, 0, '2011-08-05', 140),
(843, 0, '2011-08-05', 141),
(844, 0, '2011-08-05', 142),
(845, 0, '2011-08-05', 143),
(846, 0, '2011-08-05', 144),
(847, 0, '2011-08-05', 145),
(848, 0, '2011-08-05', 146),
(849, 0, '2011-08-05', 147),
(850, 0, '2011-08-05', 148),
(851, 0, '2011-08-05', 149),
(852, 0, '2011-08-05', 150),
(853, 0, '2011-08-05', 151),
(854, 0, '2011-08-05', 152),
(855, 0, '2011-08-05', 153),
(856, 0, '2011-08-05', 154),
(857, 0, '2011-08-05', 155),
(858, 0, '2011-08-05', 156),
(859, 0, '2011-08-05', 157),
(860, 0, '2011-08-05', 158),
(861, 0, '2011-08-05', 159),
(862, 0, '2011-08-05', 160),
(863, 0, '2011-08-05', 161),
(864, 0, '2011-08-05', 162),
(865, 0, '2011-08-05', 163),
(866, 0, '2011-08-05', 164),
(867, 0, '2011-08-05', 165),
(868, 0, '2011-08-05', 166),
(869, 0, '2011-08-05', 167),
(870, 0, '2011-08-05', 168),
(871, 0, '2011-08-05', 169),
(872, 0, '2011-08-05', 170),
(873, 0, '2011-08-05', 171),
(874, 0, '2011-08-05', 172),
(875, 0, '2011-08-05', 173),
(876, 0, '2011-08-05', 174),
(877, 0, '2011-08-05', 175),
(878, 0, '2011-08-05', 176),
(879, 0, '2011-08-05', 177),
(880, 0, '2011-08-05', 178),
(881, 0, '2011-08-05', 179),
(882, 0, '2011-08-05', 180),
(883, 0, '2011-08-05', 181),
(884, 0, '2011-08-05', 182),
(885, 0, '2011-08-05', 183),
(886, 0, '2011-08-05', 184),
(887, 0, '2011-08-05', 185),
(888, 0, '2011-08-05', 186),
(889, 0, '2011-08-05', 187),
(890, 0, '2011-08-05', 188),
(891, 0, '2011-08-05', 189),
(892, 0, '2011-08-05', 190),
(893, 0, '2011-08-05', 191),
(894, 0, '2011-08-05', 192),
(895, 0, '2011-08-05', 193),
(896, 0, '2011-08-05', 194),
(897, 0, '2011-08-05', 195),
(898, 0, '2011-08-05', 196),
(899, 0, '2011-08-05', 197),
(900, 0, '2011-08-05', 198),
(901, 0, '2011-08-05', 199),
(902, 0, '2011-08-05', 200),
(903, 0, '2011-08-05', 201),
(904, 0, '2011-08-05', 202),
(905, 0, '2011-08-05', 203),
(906, 0, '2011-08-05', 204),
(907, 0, '2011-08-05', 205),
(908, 0, '2011-08-05', 206),
(909, 0, '2011-08-05', 207),
(910, 0, '2011-08-05', 208),
(911, 0, '2011-08-05', 209),
(912, 0, '2011-08-05', 210),
(913, 0, '2011-08-05', 211),
(914, 0, '2011-08-05', 212),
(915, 0, '2011-08-05', 213),
(916, 0, '2011-08-05', 214),
(917, 0, '2011-08-05', 215),
(918, 0, '2011-08-05', 216),
(919, 0, '2011-08-05', 217),
(920, 0, '2011-08-05', 218),
(921, 0, '2011-08-05', 219),
(922, 0, '2011-08-05', 220),
(923, 0, '2011-08-05', 221),
(924, 0, '2011-08-05', 222),
(925, 0, '2011-08-05', 223),
(926, 0, '2011-08-05', 224),
(927, 0, '2011-08-05', 225),
(928, 0, '2011-08-05', 226),
(929, 0, '2011-08-05', 227),
(930, 0, '2011-08-05', 228),
(931, 0, '2011-08-05', 229),
(932, 0, '2011-08-05', 230),
(933, 0, '2011-08-05', 231),
(934, 0, '2011-08-05', 232),
(935, 0, '2011-08-05', 233),
(936, 0, '2011-08-05', 234),
(937, 40, '2011-08-06', 1),
(938, 88, '2011-08-06', 2),
(939, 93, '2011-08-06', 3),
(940, 50, '2011-08-06', 4),
(941, 38, '2011-08-06', 5),
(942, 50, '2011-08-06', 6),
(943, 100, '2011-08-06', 7),
(944, 50, '2011-08-06', 8),
(945, 50, '2011-08-06', 9),
(946, 199, '2011-08-06', 10),
(947, 90, '2011-08-06', 11),
(948, 0, '2011-08-06', 12),
(949, 0, '2011-08-06', 13),
(950, 0, '2011-08-06', 14),
(951, 0, '2011-08-06', 15),
(952, 0, '2011-08-06', 16),
(953, 0, '2011-08-06', 17),
(954, 0, '2011-08-06', 18),
(955, 0, '2011-08-06', 19),
(956, 0, '2011-08-06', 20),
(957, 0, '2011-08-06', 21),
(958, 0, '2011-08-06', 22),
(959, 0, '2011-08-06', 23),
(960, 0, '2011-08-06', 24),
(961, 0, '2011-08-06', 25),
(962, 0, '2011-08-06', 26),
(963, 0, '2011-08-06', 27),
(964, 0, '2011-08-06', 28),
(965, 0, '2011-08-06', 29),
(966, 0, '2011-08-06', 30),
(967, 0, '2011-08-06', 31),
(968, 0, '2011-08-06', 32),
(969, 0, '2011-08-06', 33),
(970, 0, '2011-08-06', 34),
(971, 0, '2011-08-06', 35),
(972, 0, '2011-08-06', 36),
(973, 0, '2011-08-06', 37),
(974, 0, '2011-08-06', 38),
(975, 0, '2011-08-06', 39),
(976, 0, '2011-08-06', 40),
(977, 0, '2011-08-06', 41),
(978, 0, '2011-08-06', 42),
(979, 0, '2011-08-06', 43),
(980, 0, '2011-08-06', 44),
(981, 0, '2011-08-06', 45),
(982, 0, '2011-08-06', 46),
(983, 0, '2011-08-06', 47),
(984, 0, '2011-08-06', 48),
(985, 0, '2011-08-06', 49),
(986, 0, '2011-08-06', 50),
(987, 0, '2011-08-06', 51),
(988, 0, '2011-08-06', 52),
(989, 0, '2011-08-06', 53),
(990, 0, '2011-08-06', 54),
(991, 0, '2011-08-06', 55),
(992, 0, '2011-08-06', 56),
(993, 0, '2011-08-06', 57),
(994, 0, '2011-08-06', 58),
(995, 0, '2011-08-06', 59),
(996, 0, '2011-08-06', 60),
(997, 0, '2011-08-06', 61),
(998, 0, '2011-08-06', 62),
(999, 0, '2011-08-06', 63),
(1000, 0, '2011-08-06', 64),
(1001, 0, '2011-08-06', 65),
(1002, 0, '2011-08-06', 66),
(1003, 0, '2011-08-06', 67),
(1004, 0, '2011-08-06', 68),
(1005, 0, '2011-08-06', 69),
(1006, 0, '2011-08-06', 70),
(1007, 0, '2011-08-06', 71),
(1008, 0, '2011-08-06', 72),
(1009, 0, '2011-08-06', 73),
(1010, 0, '2011-08-06', 74),
(1011, 0, '2011-08-06', 75),
(1012, 0, '2011-08-06', 76),
(1013, 0, '2011-08-06', 77),
(1014, 0, '2011-08-06', 78),
(1015, 0, '2011-08-06', 79),
(1016, 0, '2011-08-06', 80),
(1017, 0, '2011-08-06', 81),
(1018, 0, '2011-08-06', 82),
(1019, 0, '2011-08-06', 83),
(1020, 0, '2011-08-06', 84),
(1021, 0, '2011-08-06', 85),
(1022, 0, '2011-08-06', 86),
(1023, 0, '2011-08-06', 87),
(1024, 0, '2011-08-06', 88),
(1025, 0, '2011-08-06', 89),
(1026, 0, '2011-08-06', 90),
(1027, 0, '2011-08-06', 91),
(1028, 0, '2011-08-06', 92),
(1029, 0, '2011-08-06', 93),
(1030, 0, '2011-08-06', 94),
(1031, 0, '2011-08-06', 95),
(1032, 0, '2011-08-06', 96),
(1033, 0, '2011-08-06', 97),
(1034, 0, '2011-08-06', 98),
(1035, 0, '2011-08-06', 99),
(1036, 0, '2011-08-06', 100),
(1037, 0, '2011-08-06', 101),
(1038, 0, '2011-08-06', 102),
(1039, 0, '2011-08-06', 103),
(1040, 0, '2011-08-06', 104),
(1041, 0, '2011-08-06', 105),
(1042, 0, '2011-08-06', 106),
(1043, 0, '2011-08-06', 107),
(1044, 0, '2011-08-06', 108),
(1045, 0, '2011-08-06', 109),
(1046, 0, '2011-08-06', 110),
(1047, 0, '2011-08-06', 111),
(1048, 0, '2011-08-06', 112),
(1049, 0, '2011-08-06', 113),
(1050, 0, '2011-08-06', 114),
(1051, 0, '2011-08-06', 115),
(1052, 0, '2011-08-06', 116),
(1053, 0, '2011-08-06', 117),
(1054, 0, '2011-08-06', 118),
(1055, 0, '2011-08-06', 119),
(1056, 0, '2011-08-06', 120),
(1057, 0, '2011-08-06', 121),
(1058, 0, '2011-08-06', 122),
(1059, 0, '2011-08-06', 123),
(1060, 0, '2011-08-06', 124),
(1061, 0, '2011-08-06', 125),
(1062, 0, '2011-08-06', 126),
(1063, 0, '2011-08-06', 127),
(1064, 0, '2011-08-06', 128),
(1065, 0, '2011-08-06', 129),
(1066, 0, '2011-08-06', 130),
(1067, 0, '2011-08-06', 131),
(1068, 0, '2011-08-06', 132),
(1069, 0, '2011-08-06', 133),
(1070, 0, '2011-08-06', 134),
(1071, 0, '2011-08-06', 135),
(1072, 0, '2011-08-06', 136),
(1073, 0, '2011-08-06', 137),
(1074, 0, '2011-08-06', 138),
(1075, 0, '2011-08-06', 139),
(1076, 0, '2011-08-06', 140),
(1077, 0, '2011-08-06', 141),
(1078, 0, '2011-08-06', 142),
(1079, 0, '2011-08-06', 143),
(1080, 0, '2011-08-06', 144),
(1081, 0, '2011-08-06', 145),
(1082, 0, '2011-08-06', 146),
(1083, 0, '2011-08-06', 147),
(1084, 0, '2011-08-06', 148),
(1085, 0, '2011-08-06', 149),
(1086, 0, '2011-08-06', 150),
(1087, 0, '2011-08-06', 151),
(1088, 0, '2011-08-06', 152),
(1089, 0, '2011-08-06', 153),
(1090, 0, '2011-08-06', 154),
(1091, 0, '2011-08-06', 155),
(1092, 0, '2011-08-06', 156),
(1093, 0, '2011-08-06', 157),
(1094, 0, '2011-08-06', 158),
(1095, 0, '2011-08-06', 159),
(1096, 0, '2011-08-06', 160),
(1097, 0, '2011-08-06', 161),
(1098, 0, '2011-08-06', 162),
(1099, 0, '2011-08-06', 163),
(1100, 0, '2011-08-06', 164),
(1101, 0, '2011-08-06', 165),
(1102, 0, '2011-08-06', 166),
(1103, 0, '2011-08-06', 167),
(1104, 0, '2011-08-06', 168),
(1105, 0, '2011-08-06', 169),
(1106, 0, '2011-08-06', 170),
(1107, 0, '2011-08-06', 171),
(1108, 0, '2011-08-06', 172),
(1109, 0, '2011-08-06', 173),
(1110, 0, '2011-08-06', 174),
(1111, 0, '2011-08-06', 175),
(1112, 0, '2011-08-06', 176),
(1113, 0, '2011-08-06', 177),
(1114, 0, '2011-08-06', 178),
(1115, 0, '2011-08-06', 179),
(1116, 0, '2011-08-06', 180),
(1117, 0, '2011-08-06', 181),
(1118, 0, '2011-08-06', 182),
(1119, 0, '2011-08-06', 183),
(1120, 0, '2011-08-06', 184),
(1121, 0, '2011-08-06', 185),
(1122, 0, '2011-08-06', 186),
(1123, 0, '2011-08-06', 187),
(1124, 0, '2011-08-06', 188),
(1125, 0, '2011-08-06', 189),
(1126, 0, '2011-08-06', 190),
(1127, 0, '2011-08-06', 191),
(1128, 0, '2011-08-06', 192),
(1129, 0, '2011-08-06', 193),
(1130, 0, '2011-08-06', 194),
(1131, 0, '2011-08-06', 195),
(1132, 0, '2011-08-06', 196),
(1133, 0, '2011-08-06', 197),
(1134, 0, '2011-08-06', 198),
(1135, 0, '2011-08-06', 199),
(1136, 0, '2011-08-06', 200),
(1137, 0, '2011-08-06', 201),
(1138, 0, '2011-08-06', 202),
(1139, 0, '2011-08-06', 203),
(1140, 0, '2011-08-06', 204),
(1141, 0, '2011-08-06', 205),
(1142, 0, '2011-08-06', 206),
(1143, 0, '2011-08-06', 207),
(1144, 0, '2011-08-06', 208),
(1145, 0, '2011-08-06', 209),
(1146, 0, '2011-08-06', 210),
(1147, 0, '2011-08-06', 211),
(1148, 0, '2011-08-06', 212),
(1149, 0, '2011-08-06', 213),
(1150, 0, '2011-08-06', 214),
(1151, 0, '2011-08-06', 215),
(1152, 0, '2011-08-06', 216),
(1153, 0, '2011-08-06', 217),
(1154, 0, '2011-08-06', 218),
(1155, 0, '2011-08-06', 219),
(1156, 0, '2011-08-06', 220),
(1157, 0, '2011-08-06', 221),
(1158, 0, '2011-08-06', 222),
(1159, 0, '2011-08-06', 223),
(1160, 0, '2011-08-06', 224),
(1161, 0, '2011-08-06', 225),
(1162, 0, '2011-08-06', 226),
(1163, 0, '2011-08-06', 227),
(1164, 0, '2011-08-06', 228),
(1165, 0, '2011-08-06', 229),
(1166, 0, '2011-08-06', 230),
(1167, 0, '2011-08-06', 231),
(1168, 0, '2011-08-06', 232),
(1169, 0, '2011-08-06', 233),
(1170, 0, '2011-08-06', 234),
(1171, 40, '2011-08-08', 1),
(1172, 88, '2011-08-08', 2),
(1173, 93, '2011-08-08', 3),
(1174, 50, '2011-08-08', 4),
(1175, 38, '2011-08-08', 5),
(1176, 50, '2011-08-08', 6),
(1177, 100, '2011-08-08', 7),
(1178, 50, '2011-08-08', 8),
(1179, 50, '2011-08-08', 9),
(1180, 199, '2011-08-08', 10),
(1181, 90, '2011-08-08', 11),
(1182, 0, '2011-08-08', 12),
(1183, 0, '2011-08-08', 13),
(1184, 0, '2011-08-08', 14),
(1185, 0, '2011-08-08', 15),
(1186, 0, '2011-08-08', 16),
(1187, 0, '2011-08-08', 17),
(1188, 0, '2011-08-08', 18),
(1189, 0, '2011-08-08', 19),
(1190, 0, '2011-08-08', 20),
(1191, 0, '2011-08-08', 21),
(1192, 0, '2011-08-08', 22),
(1193, 0, '2011-08-08', 23),
(1194, 0, '2011-08-08', 24),
(1195, 0, '2011-08-08', 25),
(1196, 0, '2011-08-08', 26),
(1197, 0, '2011-08-08', 27),
(1198, 0, '2011-08-08', 28),
(1199, 0, '2011-08-08', 29),
(1200, 0, '2011-08-08', 30),
(1201, 0, '2011-08-08', 31),
(1202, 0, '2011-08-08', 32),
(1203, 0, '2011-08-08', 33),
(1204, 0, '2011-08-08', 34),
(1205, 0, '2011-08-08', 35),
(1206, 0, '2011-08-08', 36),
(1207, 0, '2011-08-08', 37),
(1208, 0, '2011-08-08', 38),
(1209, 0, '2011-08-08', 39),
(1210, 0, '2011-08-08', 40),
(1211, 0, '2011-08-08', 41),
(1212, 0, '2011-08-08', 42),
(1213, 0, '2011-08-08', 43),
(1214, 0, '2011-08-08', 44),
(1215, 0, '2011-08-08', 45),
(1216, 0, '2011-08-08', 46),
(1217, 0, '2011-08-08', 47),
(1218, 0, '2011-08-08', 48),
(1219, 0, '2011-08-08', 49),
(1220, 0, '2011-08-08', 50),
(1221, 0, '2011-08-08', 51),
(1222, 0, '2011-08-08', 52),
(1223, 0, '2011-08-08', 53),
(1224, 0, '2011-08-08', 54),
(1225, 0, '2011-08-08', 55),
(1226, 0, '2011-08-08', 56),
(1227, 0, '2011-08-08', 57),
(1228, 0, '2011-08-08', 58),
(1229, 0, '2011-08-08', 59),
(1230, 0, '2011-08-08', 60),
(1231, 0, '2011-08-08', 61),
(1232, 0, '2011-08-08', 62),
(1233, 0, '2011-08-08', 63),
(1234, 0, '2011-08-08', 64),
(1235, 0, '2011-08-08', 65),
(1236, 0, '2011-08-08', 66),
(1237, 0, '2011-08-08', 67),
(1238, 0, '2011-08-08', 68),
(1239, 0, '2011-08-08', 69),
(1240, 0, '2011-08-08', 70),
(1241, 0, '2011-08-08', 71),
(1242, 0, '2011-08-08', 72),
(1243, 0, '2011-08-08', 73),
(1244, 0, '2011-08-08', 74),
(1245, 0, '2011-08-08', 75),
(1246, 0, '2011-08-08', 76),
(1247, 0, '2011-08-08', 77),
(1248, 0, '2011-08-08', 78),
(1249, 0, '2011-08-08', 79),
(1250, 0, '2011-08-08', 80),
(1251, 0, '2011-08-08', 81),
(1252, 0, '2011-08-08', 82),
(1253, 0, '2011-08-08', 83),
(1254, 0, '2011-08-08', 84),
(1255, 0, '2011-08-08', 85),
(1256, 0, '2011-08-08', 86),
(1257, 0, '2011-08-08', 87),
(1258, 0, '2011-08-08', 88),
(1259, 0, '2011-08-08', 89),
(1260, 0, '2011-08-08', 90),
(1261, 0, '2011-08-08', 91),
(1262, 0, '2011-08-08', 92),
(1263, 0, '2011-08-08', 93),
(1264, 0, '2011-08-08', 94),
(1265, 0, '2011-08-08', 95),
(1266, 0, '2011-08-08', 96),
(1267, 0, '2011-08-08', 97),
(1268, 0, '2011-08-08', 98),
(1269, 0, '2011-08-08', 99),
(1270, 0, '2011-08-08', 100),
(1271, 0, '2011-08-08', 101),
(1272, 0, '2011-08-08', 102),
(1273, 0, '2011-08-08', 103),
(1274, 0, '2011-08-08', 104),
(1275, 0, '2011-08-08', 105),
(1276, 0, '2011-08-08', 106),
(1277, 0, '2011-08-08', 107),
(1278, 0, '2011-08-08', 108),
(1279, 0, '2011-08-08', 109),
(1280, 0, '2011-08-08', 110),
(1281, 0, '2011-08-08', 111),
(1282, 0, '2011-08-08', 112),
(1283, 0, '2011-08-08', 113),
(1284, 0, '2011-08-08', 114),
(1285, 0, '2011-08-08', 115),
(1286, 0, '2011-08-08', 116),
(1287, 0, '2011-08-08', 117),
(1288, 0, '2011-08-08', 118),
(1289, 0, '2011-08-08', 119),
(1290, 0, '2011-08-08', 120),
(1291, 0, '2011-08-08', 121),
(1292, 0, '2011-08-08', 122),
(1293, 0, '2011-08-08', 123),
(1294, 0, '2011-08-08', 124),
(1295, 0, '2011-08-08', 125),
(1296, 0, '2011-08-08', 126),
(1297, 0, '2011-08-08', 127),
(1298, 0, '2011-08-08', 128),
(1299, 0, '2011-08-08', 129),
(1300, 0, '2011-08-08', 130),
(1301, 0, '2011-08-08', 131),
(1302, 0, '2011-08-08', 132),
(1303, 0, '2011-08-08', 133),
(1304, 0, '2011-08-08', 134),
(1305, 0, '2011-08-08', 135),
(1306, 0, '2011-08-08', 136),
(1307, 0, '2011-08-08', 137),
(1308, 0, '2011-08-08', 138),
(1309, 0, '2011-08-08', 139),
(1310, 0, '2011-08-08', 140),
(1311, 0, '2011-08-08', 141),
(1312, 0, '2011-08-08', 142),
(1313, 0, '2011-08-08', 143),
(1314, 0, '2011-08-08', 144),
(1315, 0, '2011-08-08', 145),
(1316, 0, '2011-08-08', 146),
(1317, 0, '2011-08-08', 147),
(1318, 0, '2011-08-08', 148),
(1319, 0, '2011-08-08', 149),
(1320, 0, '2011-08-08', 150),
(1321, 0, '2011-08-08', 151),
(1322, 0, '2011-08-08', 152),
(1323, 0, '2011-08-08', 153),
(1324, 0, '2011-08-08', 154),
(1325, 0, '2011-08-08', 155),
(1326, 0, '2011-08-08', 156),
(1327, 0, '2011-08-08', 157),
(1328, 0, '2011-08-08', 158),
(1329, 0, '2011-08-08', 159),
(1330, 0, '2011-08-08', 160),
(1331, 0, '2011-08-08', 161),
(1332, 0, '2011-08-08', 162),
(1333, 0, '2011-08-08', 163),
(1334, 0, '2011-08-08', 164),
(1335, 0, '2011-08-08', 165),
(1336, 0, '2011-08-08', 166),
(1337, 0, '2011-08-08', 167),
(1338, 0, '2011-08-08', 168),
(1339, 0, '2011-08-08', 169),
(1340, 0, '2011-08-08', 170),
(1341, 0, '2011-08-08', 171),
(1342, 0, '2011-08-08', 172),
(1343, 0, '2011-08-08', 173),
(1344, 0, '2011-08-08', 174),
(1345, 0, '2011-08-08', 175),
(1346, 0, '2011-08-08', 176),
(1347, 0, '2011-08-08', 177),
(1348, 0, '2011-08-08', 178),
(1349, 0, '2011-08-08', 179),
(1350, 0, '2011-08-08', 180),
(1351, 0, '2011-08-08', 181),
(1352, 0, '2011-08-08', 182),
(1353, 0, '2011-08-08', 183),
(1354, 0, '2011-08-08', 184),
(1355, 0, '2011-08-08', 185),
(1356, 0, '2011-08-08', 186),
(1357, 0, '2011-08-08', 187),
(1358, 0, '2011-08-08', 188),
(1359, 0, '2011-08-08', 189),
(1360, 0, '2011-08-08', 190),
(1361, 0, '2011-08-08', 191),
(1362, 0, '2011-08-08', 192),
(1363, 0, '2011-08-08', 193),
(1364, 0, '2011-08-08', 194),
(1365, 0, '2011-08-08', 195),
(1366, 0, '2011-08-08', 196),
(1367, 0, '2011-08-08', 197),
(1368, 0, '2011-08-08', 198),
(1369, 0, '2011-08-08', 199),
(1370, 0, '2011-08-08', 200),
(1371, 0, '2011-08-08', 201),
(1372, 0, '2011-08-08', 202),
(1373, 0, '2011-08-08', 203),
(1374, 0, '2011-08-08', 204),
(1375, 0, '2011-08-08', 205),
(1376, 0, '2011-08-08', 206),
(1377, 0, '2011-08-08', 207),
(1378, 0, '2011-08-08', 208),
(1379, 0, '2011-08-08', 209),
(1380, 0, '2011-08-08', 210),
(1381, 0, '2011-08-08', 211),
(1382, 0, '2011-08-08', 212),
(1383, 0, '2011-08-08', 213),
(1384, 0, '2011-08-08', 214),
(1385, 0, '2011-08-08', 215),
(1386, 0, '2011-08-08', 216),
(1387, 0, '2011-08-08', 217),
(1388, 0, '2011-08-08', 218),
(1389, 0, '2011-08-08', 219),
(1390, 0, '2011-08-08', 220),
(1391, 0, '2011-08-08', 221),
(1392, 0, '2011-08-08', 222),
(1393, 0, '2011-08-08', 223),
(1394, 0, '2011-08-08', 224),
(1395, 0, '2011-08-08', 225),
(1396, 0, '2011-08-08', 226),
(1397, 0, '2011-08-08', 227),
(1398, 0, '2011-08-08', 228),
(1399, 0, '2011-08-08', 229),
(1400, 0, '2011-08-08', 230),
(1401, 0, '2011-08-08', 231),
(1402, 0, '2011-08-08', 232),
(1403, 0, '2011-08-08', 233),
(1404, 0, '2011-08-08', 234),
(1405, 40, '2011-08-09', 1),
(1406, 88, '2011-08-09', 2),
(1407, 93, '2011-08-09', 3),
(1408, 50, '2011-08-09', 4),
(1409, 38, '2011-08-09', 5),
(1410, 50, '2011-08-09', 6),
(1411, 100, '2011-08-09', 7),
(1412, 50, '2011-08-09', 8),
(1413, 50, '2011-08-09', 9),
(1414, 199, '2011-08-09', 10),
(1415, 90, '2011-08-09', 11),
(1416, 0, '2011-08-09', 12),
(1417, 0, '2011-08-09', 13),
(1418, 0, '2011-08-09', 14),
(1419, 0, '2011-08-09', 15),
(1420, 0, '2011-08-09', 16),
(1421, 0, '2011-08-09', 17),
(1422, 0, '2011-08-09', 18),
(1423, 0, '2011-08-09', 19),
(1424, 0, '2011-08-09', 20),
(1425, 0, '2011-08-09', 21),
(1426, 0, '2011-08-09', 22),
(1427, 0, '2011-08-09', 23),
(1428, 0, '2011-08-09', 24),
(1429, 0, '2011-08-09', 25),
(1430, 0, '2011-08-09', 26),
(1431, 0, '2011-08-09', 27),
(1432, 0, '2011-08-09', 28),
(1433, 0, '2011-08-09', 29),
(1434, 0, '2011-08-09', 30),
(1435, 0, '2011-08-09', 31),
(1436, 0, '2011-08-09', 32),
(1437, 0, '2011-08-09', 33),
(1438, 0, '2011-08-09', 34),
(1439, 0, '2011-08-09', 35),
(1440, 0, '2011-08-09', 36),
(1441, 0, '2011-08-09', 37),
(1442, 0, '2011-08-09', 38),
(1443, 0, '2011-08-09', 39),
(1444, 0, '2011-08-09', 40),
(1445, 0, '2011-08-09', 41),
(1446, 0, '2011-08-09', 42),
(1447, 0, '2011-08-09', 43),
(1448, 0, '2011-08-09', 44),
(1449, 0, '2011-08-09', 45),
(1450, 0, '2011-08-09', 46),
(1451, 0, '2011-08-09', 47),
(1452, 0, '2011-08-09', 48),
(1453, 0, '2011-08-09', 49),
(1454, 0, '2011-08-09', 50),
(1455, 0, '2011-08-09', 51),
(1456, 0, '2011-08-09', 52),
(1457, 0, '2011-08-09', 53),
(1458, 0, '2011-08-09', 54),
(1459, 0, '2011-08-09', 55),
(1460, 0, '2011-08-09', 56),
(1461, 0, '2011-08-09', 57),
(1462, 0, '2011-08-09', 58),
(1463, 0, '2011-08-09', 59),
(1464, 0, '2011-08-09', 60),
(1465, 0, '2011-08-09', 61),
(1466, 0, '2011-08-09', 62),
(1467, 0, '2011-08-09', 63),
(1468, 0, '2011-08-09', 64),
(1469, 0, '2011-08-09', 65),
(1470, 0, '2011-08-09', 66),
(1471, 0, '2011-08-09', 67),
(1472, 0, '2011-08-09', 68),
(1473, 0, '2011-08-09', 69),
(1474, 0, '2011-08-09', 70),
(1475, 0, '2011-08-09', 71),
(1476, 0, '2011-08-09', 72),
(1477, 0, '2011-08-09', 73),
(1478, 0, '2011-08-09', 74),
(1479, 0, '2011-08-09', 75),
(1480, 0, '2011-08-09', 76),
(1481, 0, '2011-08-09', 77),
(1482, 0, '2011-08-09', 78),
(1483, 0, '2011-08-09', 79),
(1484, 0, '2011-08-09', 80),
(1485, 0, '2011-08-09', 81),
(1486, 0, '2011-08-09', 82),
(1487, 0, '2011-08-09', 83),
(1488, 0, '2011-08-09', 84),
(1489, 0, '2011-08-09', 85),
(1490, 0, '2011-08-09', 86),
(1491, 0, '2011-08-09', 87),
(1492, 0, '2011-08-09', 88),
(1493, 0, '2011-08-09', 89),
(1494, 0, '2011-08-09', 90),
(1495, 0, '2011-08-09', 91),
(1496, 0, '2011-08-09', 92),
(1497, 0, '2011-08-09', 93),
(1498, 0, '2011-08-09', 94),
(1499, 0, '2011-08-09', 95),
(1500, 0, '2011-08-09', 96),
(1501, 0, '2011-08-09', 97),
(1502, 0, '2011-08-09', 98),
(1503, 0, '2011-08-09', 99),
(1504, 0, '2011-08-09', 100),
(1505, 0, '2011-08-09', 101),
(1506, 0, '2011-08-09', 102),
(1507, 0, '2011-08-09', 103),
(1508, 0, '2011-08-09', 104),
(1509, 0, '2011-08-09', 105),
(1510, 0, '2011-08-09', 106),
(1511, 0, '2011-08-09', 107),
(1512, 0, '2011-08-09', 108),
(1513, 0, '2011-08-09', 109),
(1514, 0, '2011-08-09', 110),
(1515, 0, '2011-08-09', 111),
(1516, 0, '2011-08-09', 112),
(1517, 0, '2011-08-09', 113),
(1518, 0, '2011-08-09', 114),
(1519, 0, '2011-08-09', 115),
(1520, 0, '2011-08-09', 116),
(1521, 0, '2011-08-09', 117),
(1522, 0, '2011-08-09', 118),
(1523, 0, '2011-08-09', 119),
(1524, 0, '2011-08-09', 120),
(1525, 0, '2011-08-09', 121),
(1526, 0, '2011-08-09', 122),
(1527, 0, '2011-08-09', 123),
(1528, 0, '2011-08-09', 124),
(1529, 0, '2011-08-09', 125),
(1530, 0, '2011-08-09', 126),
(1531, 0, '2011-08-09', 127),
(1532, 0, '2011-08-09', 128),
(1533, 0, '2011-08-09', 129),
(1534, 0, '2011-08-09', 130),
(1535, 0, '2011-08-09', 131),
(1536, 0, '2011-08-09', 132),
(1537, 0, '2011-08-09', 133),
(1538, 0, '2011-08-09', 134),
(1539, 0, '2011-08-09', 135),
(1540, 0, '2011-08-09', 136),
(1541, 0, '2011-08-09', 137),
(1542, 0, '2011-08-09', 138),
(1543, 0, '2011-08-09', 139),
(1544, 0, '2011-08-09', 140),
(1545, 0, '2011-08-09', 141),
(1546, 0, '2011-08-09', 142),
(1547, 0, '2011-08-09', 143),
(1548, 0, '2011-08-09', 144),
(1549, 0, '2011-08-09', 145),
(1550, 0, '2011-08-09', 146),
(1551, 0, '2011-08-09', 147),
(1552, 0, '2011-08-09', 148),
(1553, 0, '2011-08-09', 149),
(1554, 0, '2011-08-09', 150),
(1555, 0, '2011-08-09', 151),
(1556, 0, '2011-08-09', 152),
(1557, 0, '2011-08-09', 153),
(1558, 0, '2011-08-09', 154),
(1559, 0, '2011-08-09', 155),
(1560, 0, '2011-08-09', 156),
(1561, 0, '2011-08-09', 157),
(1562, 0, '2011-08-09', 158),
(1563, 0, '2011-08-09', 159),
(1564, 0, '2011-08-09', 160),
(1565, 0, '2011-08-09', 161),
(1566, 0, '2011-08-09', 162),
(1567, 0, '2011-08-09', 163),
(1568, 0, '2011-08-09', 164),
(1569, 0, '2011-08-09', 165),
(1570, 0, '2011-08-09', 166),
(1571, 0, '2011-08-09', 167),
(1572, 0, '2011-08-09', 168),
(1573, 0, '2011-08-09', 169),
(1574, 0, '2011-08-09', 170),
(1575, 0, '2011-08-09', 171),
(1576, 0, '2011-08-09', 172),
(1577, 0, '2011-08-09', 173),
(1578, 0, '2011-08-09', 174),
(1579, 0, '2011-08-09', 175),
(1580, 0, '2011-08-09', 176),
(1581, 0, '2011-08-09', 177),
(1582, 0, '2011-08-09', 178),
(1583, 0, '2011-08-09', 179),
(1584, 0, '2011-08-09', 180),
(1585, 0, '2011-08-09', 181),
(1586, 0, '2011-08-09', 182),
(1587, 0, '2011-08-09', 183),
(1588, 0, '2011-08-09', 184),
(1589, 0, '2011-08-09', 185),
(1590, 0, '2011-08-09', 186),
(1591, 0, '2011-08-09', 187),
(1592, 0, '2011-08-09', 188),
(1593, 0, '2011-08-09', 189),
(1594, 0, '2011-08-09', 190),
(1595, 0, '2011-08-09', 191),
(1596, 0, '2011-08-09', 192),
(1597, 0, '2011-08-09', 193),
(1598, 0, '2011-08-09', 194),
(1599, 0, '2011-08-09', 195),
(1600, 0, '2011-08-09', 196),
(1601, 0, '2011-08-09', 197),
(1602, 0, '2011-08-09', 198),
(1603, 0, '2011-08-09', 199),
(1604, 0, '2011-08-09', 200),
(1605, 0, '2011-08-09', 201),
(1606, 0, '2011-08-09', 202),
(1607, 0, '2011-08-09', 203),
(1608, 0, '2011-08-09', 204),
(1609, 0, '2011-08-09', 205),
(1610, 0, '2011-08-09', 206),
(1611, 0, '2011-08-09', 207),
(1612, 0, '2011-08-09', 208),
(1613, 0, '2011-08-09', 209),
(1614, 0, '2011-08-09', 210),
(1615, 0, '2011-08-09', 211),
(1616, 0, '2011-08-09', 212),
(1617, 0, '2011-08-09', 213),
(1618, 0, '2011-08-09', 214),
(1619, 0, '2011-08-09', 215),
(1620, 0, '2011-08-09', 216),
(1621, 0, '2011-08-09', 217),
(1622, 0, '2011-08-09', 218),
(1623, 0, '2011-08-09', 219),
(1624, 0, '2011-08-09', 220),
(1625, 0, '2011-08-09', 221),
(1626, 0, '2011-08-09', 222),
(1627, 0, '2011-08-09', 223),
(1628, 0, '2011-08-09', 224),
(1629, 0, '2011-08-09', 225),
(1630, 0, '2011-08-09', 226),
(1631, 0, '2011-08-09', 227),
(1632, 0, '2011-08-09', 228),
(1633, 0, '2011-08-09', 229),
(1634, 0, '2011-08-09', 230),
(1635, 0, '2011-08-09', 231),
(1636, 0, '2011-08-09', 232),
(1637, 0, '2011-08-09', 233),
(1638, 0, '2011-08-09', 234),
(1639, 2353, '2011-08-10', 1),
(1640, 490, '2011-08-10', 2),
(1641, 620, '2011-08-10', 3),
(1642, 56, '2011-08-10', 4),
(1643, 44, '2011-08-10', 5),
(1644, 57, '2011-08-10', 6),
(1645, 758, '2011-08-10', 7),
(1646, 106, '2011-08-10', 8),
(1647, 50, '2011-08-10', 9),
(1648, 766, '2011-08-10', 10),
(1649, 98, '2011-08-10', 11),
(1650, 64, '2011-08-10', 12),
(1651, 8, '2011-08-10', 13),
(1652, 658, '2011-08-10', 14),
(1653, 6, '2011-08-10', 15),
(1654, 86, '2011-08-10', 16),
(1655, 8, '2011-08-10', 17),
(1656, 6, '2011-08-10', 18),
(1657, 85, '2011-08-10', 19),
(1658, 687657, '2011-08-10', 20),
(1659, 65, '2011-08-10', 21),
(1660, 4, '2011-08-10', 22),
(1661, 648, '2011-08-10', 23),
(1662, 65, '2011-08-10', 24),
(1663, 7, '2011-08-10', 25),
(1664, 657, '2011-08-10', 26),
(1665, 65, '2011-08-10', 27),
(1666, 765, '2011-08-10', 28),
(1667, 7, '2011-08-10', 29),
(1668, 56, '2011-08-10', 30),
(1669, 756, '2011-08-10', 31),
(1670, 0, '2011-08-10', 32),
(1671, 65, '2011-08-10', 33),
(1672, 758, '2011-08-10', 34),
(1673, 7, '2011-08-10', 35),
(1674, 65, '2011-08-10', 36),
(1675, 765, '2011-08-10', 37),
(1676, 7, '2011-08-10', 38),
(1677, 65, '2011-08-10', 39),
(1678, 7, '2011-08-10', 40),
(1679, 657, '2011-08-10', 41),
(1680, 46, '2011-08-10', 42),
(1681, 54648, '2011-08-10', 43),
(1682, -5, '2011-08-10', 44),
(1683, 0, '2011-08-10', 45),
(1684, 81, '2011-08-10', 46),
(1685, 8, '2011-08-10', 47),
(1686, 76, '2011-08-10', 48),
(1687, 87, '2011-08-10', 49),
(1688, 68, '2011-08-10', 50),
(1689, 67, '2011-08-10', 51),
(1690, 8, '2011-08-10', 52),
(1691, 768, '2011-08-10', 53),
(1692, 63, '2011-08-10', 54),
(1693, 8, '2011-08-10', 55),
(1694, 68, '2011-08-10', 56),
(1695, 87, '2011-08-10', 57),
(1696, 68, '2011-08-10', 58),
(1697, 76, '2011-08-10', 59),
(1698, 8, '2011-08-10', 60),
(1699, 678, '2011-08-10', 61),
(1700, 67, '2011-08-10', 62),
(1701, 8, '2011-08-10', 63),
(1702, 678, '2011-08-10', 64),
(1703, 71, '2011-08-10', 65),
(1704, 8, '2011-08-10', 66),
(1705, 678, '2011-08-10', 67),
(1706, 0, '2011-08-10', 68),
(1707, 56, '2011-08-10', 69),
(1708, 456, '2011-08-10', 70),
(1709, 46, '2011-08-10', 71),
(1710, 54, '2011-08-10', 72),
(1711, 7, '2011-08-10', 73),
(1712, 65, '2011-08-10', 74),
(1713, 8, '2011-08-10', 75),
(1714, -41, '2011-08-10', 76),
(1715, 89, '2011-08-10', 77),
(1716, 0, '2011-08-10', 78),
(1717, 6, '2011-08-10', 79),
(1718, 546, '2011-08-10', 80),
(1719, 54, '2011-08-10', 81),
(1720, 65, '2011-08-10', 82),
(1721, 87, '2011-08-10', 83),
(1722, 56, '2011-08-10', 84),
(1723, 6, '2011-08-10', 85),
(1724, 5, '2011-08-10', 86),
(1725, 34, '2011-08-10', 87),
(1726, 54, '2011-08-10', 88),
(1727, 6, '2011-08-10', 89),
(1728, 67, '2011-08-10', 90),
(1729, 6, '2011-08-10', 91),
(1730, 8, '2011-08-10', 92),
(1731, 76, '2011-08-10', 93),
(1732, 546, '2011-08-10', 94),
(1733, 3, '2011-08-10', 95),
(1734, 5, '2011-08-10', 96),
(1735, 5, '2011-08-10', 97),
(1736, 6, '2011-08-10', 98),
(1737, 657, '2011-08-10', 99),
(1738, 57, '2011-08-10', 100),
(1739, 56, '2011-08-10', 101),
(1740, 34, '2011-08-10', 102),
(1741, 52, '2011-08-10', 103),
(1742, 0, '2011-08-10', 104),
(1743, 234, '2011-08-10', 105),
(1744, 0, '2011-08-10', 106),
(1745, 564, '2011-08-10', 107),
(1746, 5, '2011-08-10', 108),
(1747, 76, '2011-08-10', 109),
(1748, 58, '2011-08-10', 110),
(1749, 68, '2011-08-10', 111),
(1750, 658, '2011-08-10', 112),
(1751, 6, '2011-08-10', 113),
(1752, 8, '2011-08-10', 114),
(1753, 568, '2011-08-10', 115),
(1754, 568, '2011-08-10', 116),
(1755, 56, '2011-08-10', 117),
(1756, 8, '2011-08-10', 118),
(1757, 0, '2011-08-10', 119),
(1758, 5, '2011-08-10', 120),
(1759, 0, '2011-08-10', 121),
(1760, 52, '2011-08-10', 122),
(1761, 52353, '2011-08-10', 123),
(1762, 2, '2011-08-10', 124),
(1763, 532, '2011-08-10', 125),
(1764, 4, '2011-08-10', 126),
(1765, 3, '2011-08-10', 127),
(1766, 4, '2011-08-10', 128),
(1767, 3242, '2011-08-10', 129),
(1768, 35, '2011-08-10', 130),
(1769, 3, '2011-08-10', 131),
(1770, 5, '2011-08-10', 132),
(1771, 35, '2011-08-10', 133),
(1772, 23, '2011-08-10', 134),
(1773, 5, '2011-08-10', 135),
(1774, 2, '2011-08-10', 136),
(1775, 0, '2011-08-10', 137),
(1776, 0, '2011-08-10', 138),
(1777, 0, '2011-08-10', 139),
(1778, 0, '2011-08-10', 140),
(1779, 0, '2011-08-10', 141),
(1780, 0, '2011-08-10', 142),
(1781, 0, '2011-08-10', 143),
(1782, 0, '2011-08-10', 144),
(1783, 0, '2011-08-10', 145),
(1784, 0, '2011-08-10', 146),
(1785, 0, '2011-08-10', 147),
(1786, 0, '2011-08-10', 148),
(1787, 0, '2011-08-10', 149),
(1788, 0, '2011-08-10', 150),
(1789, 0, '2011-08-10', 151),
(1790, 0, '2011-08-10', 152),
(1791, 0, '2011-08-10', 153),
(1792, 0, '2011-08-10', 154),
(1793, 0, '2011-08-10', 155),
(1794, 0, '2011-08-10', 156),
(1795, 0, '2011-08-10', 157),
(1796, 0, '2011-08-10', 158),
(1797, 0, '2011-08-10', 159),
(1798, 0, '2011-08-10', 160),
(1799, 0, '2011-08-10', 161),
(1800, 0, '2011-08-10', 162),
(1801, 0, '2011-08-10', 163),
(1802, 0, '2011-08-10', 164),
(1803, 0, '2011-08-10', 165),
(1804, 0, '2011-08-10', 166),
(1805, 0, '2011-08-10', 167),
(1806, 0, '2011-08-10', 168),
(1807, 0, '2011-08-10', 169),
(1808, 0, '2011-08-10', 170),
(1809, 0, '2011-08-10', 171),
(1810, 0, '2011-08-10', 172),
(1811, 0, '2011-08-10', 173),
(1812, 0, '2011-08-10', 174),
(1813, 0, '2011-08-10', 175),
(1814, 0, '2011-08-10', 176),
(1815, 0, '2011-08-10', 177),
(1816, 0, '2011-08-10', 178),
(1817, 0, '2011-08-10', 179),
(1818, 0, '2011-08-10', 180),
(1819, 0, '2011-08-10', 181),
(1820, 0, '2011-08-10', 182),
(1821, 0, '2011-08-10', 183),
(1822, 0, '2011-08-10', 184),
(1823, 0, '2011-08-10', 185),
(1824, 0, '2011-08-10', 186),
(1825, 0, '2011-08-10', 187),
(1826, 0, '2011-08-10', 188),
(1827, 0, '2011-08-10', 189),
(1828, 0, '2011-08-10', 190),
(1829, 0, '2011-08-10', 191),
(1830, 0, '2011-08-10', 192),
(1831, 0, '2011-08-10', 193),
(1832, 0, '2011-08-10', 194),
(1833, 0, '2011-08-10', 195),
(1834, 0, '2011-08-10', 196),
(1835, 0, '2011-08-10', 197),
(1836, 0, '2011-08-10', 198),
(1837, 0, '2011-08-10', 199),
(1838, 0, '2011-08-10', 200),
(1839, 0, '2011-08-10', 201),
(1840, 0, '2011-08-10', 202),
(1841, 0, '2011-08-10', 203),
(1842, 0, '2011-08-10', 204),
(1843, 0, '2011-08-10', 205),
(1844, 0, '2011-08-10', 206);
INSERT INTO `history_harian_obat` (`id_history_harian_obat`, `stok_awal`, `tanggal`, `id_obat`) VALUES
(1845, 0, '2011-08-10', 207),
(1846, 0, '2011-08-10', 208),
(1847, 0, '2011-08-10', 209),
(1848, 0, '2011-08-10', 210),
(1849, 0, '2011-08-10', 211),
(1850, 0, '2011-08-10', 212),
(1851, 0, '2011-08-10', 213),
(1852, 0, '2011-08-10', 214),
(1853, 0, '2011-08-10', 215),
(1854, 0, '2011-08-10', 216),
(1855, 0, '2011-08-10', 217),
(1856, 0, '2011-08-10', 218),
(1857, 0, '2011-08-10', 219),
(1858, 0, '2011-08-10', 220),
(1859, 0, '2011-08-10', 221),
(1860, 0, '2011-08-10', 222),
(1861, 0, '2011-08-10', 223),
(1862, 0, '2011-08-10', 224),
(1863, 0, '2011-08-10', 225),
(1864, 0, '2011-08-10', 226),
(1865, 0, '2011-08-10', 227),
(1866, 0, '2011-08-10', 228),
(1867, 0, '2011-08-10', 229),
(1868, 0, '2011-08-10', 230),
(1869, 0, '2011-08-10', 231),
(1870, 0, '2011-08-10', 232),
(1871, 0, '2011-08-10', 233),
(1872, 0, '2011-08-10', 234);

-- --------------------------------------------------------

--
-- Table structure for table `history_obat`
--

CREATE TABLE IF NOT EXISTS `history_obat` (
  `id_history_obat` bigint(20) NOT NULL AUTO_INCREMENT,
  `no_sbkk` varchar(50) DEFAULT NULL,
  `tanggal` date NOT NULL,
  `stok_awal_obat` int(11) DEFAULT NULL,
  `total_obat` int(11) DEFAULT NULL,
  `penambahan_obat` int(11) DEFAULT NULL,
  `tanggal_kadaluarsa` date DEFAULT NULL,
  `no_batch` varchar(50) DEFAULT NULL,
  `id_obat` int(11) NOT NULL,
  PRIMARY KEY (`id_history_obat`),
  KEY `fk_history_obat_obat1` (`id_obat`)
) ENGINE=InnoDB  DEFAULT CHARSET=latin1 AUTO_INCREMENT=139 ;

--
-- Dumping data for table `history_obat`
--

INSERT INTO `history_obat` (`id_history_obat`, `no_sbkk`, `tanggal`, `stok_awal_obat`, `total_obat`, `penambahan_obat`, `tanggal_kadaluarsa`, `no_batch`, `id_obat`) VALUES
(1, 'test 123', '2011-07-28', 0, 50, 50, '0000-00-00', '', 1),
(2, 'test 123', '2011-07-28', 0, 100, 100, '0000-00-00', '', 2),
(3, 'test 123', '2011-07-28', 0, 100, 100, '0000-00-00', '', 3),
(4, 'test 123', '2011-07-28', 0, 50, 50, '0000-00-00', '', 4),
(5, 'test 123', '2011-07-28', 0, 50, 50, '0000-00-00', '', 5),
(6, 'test 123', '2011-07-28', 0, 50, 50, '0000-00-00', '', 6),
(7, 'test 123', '2011-07-28', 0, 100, 100, '0000-00-00', '', 7),
(8, 'test 123', '2011-07-28', 0, 50, 50, '0000-00-00', '', 8),
(9, 'test 123', '2011-07-28', 0, 50, 50, '0000-00-00', '', 9),
(10, 'test 123', '2011-07-28', 0, 199, 199, '0000-00-00', '', 10),
(11, 'test 123', '2011-07-28', 0, 100, 100, '0000-00-00', '', 11),
(12, '37', '2011-08-09', 40, 2353, 2313, NULL, '', 1),
(13, '37', '2011-08-09', 88, 509, 421, NULL, '', 2),
(14, '37', '2011-08-09', 93, 636, 543, NULL, '', 3),
(15, '37', '2011-08-09', 50, 56, 6, NULL, '', 4),
(16, '37', '2011-08-09', 38, 44, 6, NULL, '', 5),
(17, '37', '2011-08-09', 50, 57, 7, NULL, '', 6),
(18, '37', '2011-08-09', 100, 758, 658, NULL, '', 7),
(19, '37', '2011-08-09', 50, 106, 56, NULL, '', 8),
(20, '37', '2011-08-09', 199, 766, 567, NULL, '', 10),
(21, '37', '2011-08-09', 90, 98, 8, NULL, '', 11),
(22, '37', '2011-08-09', 0, 65, 65, NULL, '', 12),
(23, '37', '2011-08-09', 0, 8, 8, NULL, '', 13),
(24, '37', '2011-08-09', 0, 658, 658, NULL, '', 14),
(25, '37', '2011-08-09', 0, 6, 6, NULL, '', 15),
(26, '37', '2011-08-09', 0, 86, 86, NULL, '', 16),
(27, '37', '2011-08-09', 0, 8, 8, NULL, '', 17),
(28, '37', '2011-08-09', 0, 6, 6, NULL, '', 18),
(29, '37', '2011-08-09', 0, 85, 85, NULL, '', 19),
(30, '37', '2011-08-09', 0, 687657, 687657, NULL, '', 20),
(31, '37', '2011-08-09', 0, 65, 65, NULL, '', 21),
(32, '37', '2011-08-09', 0, 7, 7, NULL, '', 22),
(33, '37', '2011-08-09', 0, 657, 657, NULL, '', 23),
(34, '37', '2011-08-09', 0, 65, 65, NULL, '', 24),
(35, '37', '2011-08-09', 0, 7, 7, NULL, '', 25),
(36, '37', '2011-08-09', 0, 657, 657, NULL, '', 26),
(37, '37', '2011-08-09', 0, 65, 65, NULL, '', 27),
(38, '37', '2011-08-09', 0, 765, 765, NULL, '', 28),
(39, '37', '2011-08-09', 0, 7, 7, NULL, '', 29),
(40, '37', '2011-08-09', 0, 56, 56, NULL, '', 30),
(41, '37', '2011-08-09', 0, 756, 756, NULL, '', 31),
(42, '37', '2011-08-09', 0, 7, 7, NULL, '', 32),
(43, '37', '2011-08-09', 0, 65, 65, NULL, '', 33),
(44, '37', '2011-08-09', 0, 765, 765, NULL, '', 34),
(45, '37', '2011-08-09', 0, 7, 7, NULL, '', 35),
(46, '37', '2011-08-09', 0, 65, 65, NULL, '', 36),
(47, '37', '2011-08-09', 0, 765, 765, NULL, '', 37),
(48, '37', '2011-08-09', 0, 7, 7, NULL, '', 38),
(49, '37', '2011-08-09', 0, 65, 65, NULL, '', 39),
(50, '37', '2011-08-09', 0, 7, 7, NULL, '', 40),
(51, '37', '2011-08-09', 0, 657, 657, NULL, '', 41),
(52, '37', '2011-08-09', 0, 46, 46, NULL, '', 42),
(53, '37', '2011-08-09', 0, 54654, 54654, NULL, '', 43),
(54, '37', '2011-08-09', 0, 7, 7, NULL, '', 44),
(55, '37', '2011-08-09', 0, 86, 86, NULL, '', 46),
(56, '37', '2011-08-09', 0, 8, 8, NULL, '', 47),
(57, '37', '2011-08-09', 0, 76, 76, NULL, '', 48),
(58, '37', '2011-08-09', 0, 87, 87, NULL, '', 49),
(59, '37', '2011-08-09', 0, 68, 68, NULL, '', 50),
(60, '37', '2011-08-09', 0, 67, 67, NULL, '', 51),
(61, '37', '2011-08-09', 0, 8, 8, NULL, '', 52),
(62, '37', '2011-08-09', 0, 768, 768, NULL, '', 53),
(63, '37', '2011-08-09', 0, 76, 76, NULL, '', 54),
(64, '37', '2011-08-09', 0, 8, 8, NULL, '', 55),
(65, '37', '2011-08-09', 0, 76, 76, NULL, '', 56),
(66, '37', '2011-08-09', 0, 87, 87, NULL, '', 57),
(67, '37', '2011-08-09', 0, 68, 68, NULL, '', 58),
(68, '37', '2011-08-09', 0, 76, 76, NULL, '', 59),
(69, '37', '2011-08-09', 0, 8, 8, NULL, '', 60),
(70, '37', '2011-08-09', 0, 678, 678, NULL, '', 61),
(71, '37', '2011-08-09', 0, 67, 67, NULL, '', 62),
(72, '37', '2011-08-09', 0, 8, 8, NULL, '', 63),
(73, '37', '2011-08-09', 0, 678, 678, NULL, '', 64),
(74, '37', '2011-08-09', 0, 76, 76, NULL, '', 65),
(75, '37', '2011-08-09', 0, 8, 8, NULL, '', 66),
(76, '37', '2011-08-09', 0, 678, 678, NULL, '', 67),
(77, '37', '2011-08-09', 0, 56, 56, NULL, '', 69),
(78, '37', '2011-08-09', 0, 456, 456, NULL, '', 70),
(79, '37', '2011-08-09', 0, 46, 46, NULL, '', 71),
(80, '37', '2011-08-09', 0, 54, 54, NULL, '', 72),
(81, '37', '2011-08-09', 0, 7, 7, NULL, '', 73),
(82, '37', '2011-08-09', 0, 65, 65, NULL, '', 74),
(83, '37', '2011-08-09', 0, 8, 8, NULL, '', 75),
(84, '37', '2011-08-09', 0, 89, 89, NULL, '', 77),
(85, '37', '2011-08-09', 0, 6, 6, NULL, '', 79),
(86, '37', '2011-08-09', 0, 546, 546, NULL, '', 80),
(87, '37', '2011-08-09', 0, 54, 54, NULL, '', 81),
(88, '37', '2011-08-09', 0, 65, 65, NULL, '', 82),
(89, '37', '2011-08-09', 0, 87, 87, NULL, '', 83),
(90, '37', '2011-08-09', 0, 56, 56, NULL, '', 84),
(91, '37', '2011-08-09', 0, 6, 6, NULL, '', 85),
(92, '37', '2011-08-09', 0, 5, 5, NULL, '', 86),
(93, '37', '2011-08-09', 0, 34, 34, NULL, '', 87),
(94, '37', '2011-08-09', 0, 54, 54, NULL, '', 88),
(95, '37', '2011-08-09', 0, 6, 6, NULL, '', 89),
(96, '37', '2011-08-09', 0, 67, 67, NULL, '', 90),
(97, '37', '2011-08-09', 0, 6, 6, NULL, '', 91),
(98, '37', '2011-08-09', 0, 8, 8, NULL, '', 92),
(99, '37', '2011-08-09', 0, 76, 76, NULL, '', 93),
(100, '37', '2011-08-09', 0, 546, 546, NULL, '', 94),
(101, '37', '2011-08-09', 0, 3, 3, NULL, '', 95),
(102, '37', '2011-08-09', 0, 5, 5, NULL, '', 96),
(103, '37', '2011-08-09', 0, 5, 5, NULL, '', 97),
(104, '37', '2011-08-09', 0, 6, 6, NULL, '', 98),
(105, '37', '2011-08-09', 0, 657, 657, NULL, '', 99),
(106, '37', '2011-08-09', 0, 57, 57, NULL, '', 100),
(107, '37', '2011-08-09', 0, 56, 56, NULL, '', 101),
(108, '37', '2011-08-09', 0, 34, 34, NULL, '', 102),
(109, '37', '2011-08-09', 0, 52, 52, NULL, '', 103),
(110, '37', '2011-08-09', 0, 234, 234, NULL, '', 105),
(111, '37', '2011-08-09', 0, 564, 564, NULL, '', 107),
(112, '37', '2011-08-09', 0, 5, 5, NULL, '', 108),
(113, '37', '2011-08-09', 0, 76, 76, NULL, '', 109),
(114, '37', '2011-08-09', 0, 58, 58, NULL, '', 110),
(115, '37', '2011-08-09', 0, 68, 68, NULL, '', 111),
(116, '37', '2011-08-09', 0, 658, 658, NULL, '', 112),
(117, '37', '2011-08-09', 0, 6, 6, NULL, '', 113),
(118, '37', '2011-08-09', 0, 8, 8, NULL, '', 114),
(119, '37', '2011-08-09', 0, 568, 568, NULL, '', 115),
(120, '37', '2011-08-09', 0, 568, 568, NULL, '', 116),
(121, '37', '2011-08-09', 0, 56, 56, NULL, '', 117),
(122, '37', '2011-08-09', 0, 8, 8, NULL, '', 118),
(123, '37', '2011-08-09', 0, 5, 5, NULL, '', 120),
(124, '37', '2011-08-09', 0, 52, 52, NULL, '', 122),
(125, '37', '2011-08-09', 0, 52353, 52353, NULL, '', 123),
(126, '37', '2011-08-09', 0, 2, 2, NULL, '', 124),
(127, '37', '2011-08-09', 0, 532, 532, NULL, '', 125),
(128, '37', '2011-08-09', 0, 4, 4, NULL, '', 126),
(129, '37', '2011-08-09', 0, 3, 3, NULL, '', 127),
(130, '37', '2011-08-09', 0, 4, 4, NULL, '', 128),
(131, '37', '2011-08-09', 0, 3242, 3242, NULL, '', 129),
(132, '37', '2011-08-09', 0, 35, 35, NULL, '', 130),
(133, '37', '2011-08-09', 0, 3, 3, NULL, '', 131),
(134, '37', '2011-08-09', 0, 5, 5, NULL, '', 132),
(135, '37', '2011-08-09', 0, 35, 35, NULL, '', 133),
(136, '37', '2011-08-09', 0, 23, 23, NULL, '', 134),
(137, '37', '2011-08-09', 0, 5, 5, NULL, '', 135),
(138, '37', '2011-08-09', 0, 2, 2, NULL, '', 136);

-- --------------------------------------------------------

--
-- Table structure for table `hiv`
--

CREATE TABLE IF NOT EXISTS `hiv` (
  `id_hiv` int(11) NOT NULL AUTO_INCREMENT,
  `nilai_rujukan` varchar(45) DEFAULT NULL,
  `hasil_akhir` varchar(45) DEFAULT NULL,
  `satuan` varchar(45) DEFAULT NULL,
  `keterangan` varchar(100) DEFAULT NULL,
  `id_pemeriksaan_lab` int(11) NOT NULL,
  PRIMARY KEY (`id_hiv`),
  KEY `fk_hiv_pemeriksaan_lab1` (`id_pemeriksaan_lab`)
) ENGINE=InnoDB DEFAULT CHARSET=latin1 AUTO_INCREMENT=1 ;

--
-- Dumping data for table `hiv`
--


-- --------------------------------------------------------

--
-- Table structure for table `isi_obat`
--

CREATE TABLE IF NOT EXISTS `isi_obat` (
  `id_obat` int(11) NOT NULL,
  `id_pemakainan_obat` bigint(20) NOT NULL,
  `jumlah_terpakai` int(11) NOT NULL,
  PRIMARY KEY (`id_obat`,`id_pemakainan_obat`),
  KEY `fk_obat_has_pemakainan_obat_pemakainan_obat1` (`id_pemakainan_obat`),
  KEY `fk_obat_has_pemakainan_obat_obat1` (`id_obat`)
) ENGINE=InnoDB DEFAULT CHARSET=latin1;

--
-- Dumping data for table `isi_obat`
--


-- --------------------------------------------------------

--
-- Table structure for table `isi_obat_intern`
--

CREATE TABLE IF NOT EXISTS `isi_obat_intern` (
  `id_obat` int(11) NOT NULL,
  `id_pemakainan_intern` bigint(20) NOT NULL,
  `jumlah_terpakai` int(11) NOT NULL,
  PRIMARY KEY (`id_obat`,`id_pemakainan_intern`),
  KEY `fk_obat_has_pemakainan_intern_pemakainan_intern1` (`id_pemakainan_intern`),
  KEY `fk_obat_has_pemakainan_intern_obat` (`id_obat`)
) ENGINE=InnoDB DEFAULT CHARSET=latin1;

--
-- Dumping data for table `isi_obat_intern`
--


-- --------------------------------------------------------

--
-- Table structure for table `isi_resep`
--

CREATE TABLE IF NOT EXISTS `isi_resep` (
  `id_obat` int(11) NOT NULL,
  `id_resep` bigint(20) NOT NULL,
  `jumlah_terpakai` int(11) NOT NULL,
  PRIMARY KEY (`id_obat`,`id_resep`),
  KEY `fk_obat_has_pemakainan_obat_pemakainan_obat1` (`id_resep`),
  KEY `fk_obat_has_pemakainan_obat_obat1` (`id_obat`)
) ENGINE=InnoDB DEFAULT CHARSET=latin1;

--
-- Dumping data for table `isi_resep`
--


-- --------------------------------------------------------

--
-- Table structure for table `ispa`
--

CREATE TABLE IF NOT EXISTS `ispa` (
  `id_ispa` int(11) NOT NULL AUTO_INCREMENT,
  `klasifikasi` enum('Bukan Pneumia','Pnemia','Pneumia Berat') DEFAULT NULL,
  `frek_nafas` int(11) DEFAULT NULL,
  `antibiotik` enum('ya','tidak') DEFAULT NULL,
  `kondisi_kunjungan_ulang` enum('membaik','tetap','memburuk') DEFAULT NULL,
  `keterangan` text,
  `tindak_lanjut` enum('rawat jalan','rujukan') DEFAULT NULL,
  PRIMARY KEY (`id_ispa`)
) ENGINE=InnoDB DEFAULT CHARSET=latin1 AUTO_INCREMENT=1 ;

--
-- Dumping data for table `ispa`
--


-- --------------------------------------------------------

--
-- Table structure for table `jabatan`
--

CREATE TABLE IF NOT EXISTS `jabatan` (
  `id_jabatan` int(11) NOT NULL AUTO_INCREMENT,
  `TMT` date DEFAULT NULL,
  `jabatan` varchar(100) DEFAULT NULL,
  `id_pegawai` int(11) NOT NULL,
  PRIMARY KEY (`id_jabatan`),
  KEY `fk_jabatan_pegawai1` (`id_pegawai`)
) ENGINE=InnoDB DEFAULT CHARSET=latin1 AUTO_INCREMENT=1 ;

--
-- Dumping data for table `jabatan`
--


-- --------------------------------------------------------

--
-- Table structure for table `kegiatan`
--

CREATE TABLE IF NOT EXISTS `kegiatan` (
  `id_kegiatan` int(11) NOT NULL AUTO_INCREMENT,
  `tanggal` date DEFAULT NULL,
  `lokasi` varchar(255) DEFAULT NULL,
  `kegiatan` varchar(255) DEFAULT NULL,
  `id_pegawai` int(11) NOT NULL,
  PRIMARY KEY (`id_kegiatan`),
  KEY `fk_kegiatan_pegawai1` (`id_pegawai`)
) ENGINE=InnoDB DEFAULT CHARSET=latin1 AUTO_INCREMENT=1 ;

--
-- Dumping data for table `kegiatan`
--


-- --------------------------------------------------------

--
-- Table structure for table `kk`
--

CREATE TABLE IF NOT EXISTS `kk` (
  `id_kk` int(11) NOT NULL AUTO_INCREMENT,
  `tanggal_pendaftaran` date DEFAULT NULL,
  `nama_kk` varchar(45) DEFAULT NULL,
  `jk_kk` enum('Laki-laki','Perempuan') DEFAULT NULL,
  `alamat_kk` varchar(45) DEFAULT NULL,
  `kecamatan_kk` varchar(45) DEFAULT NULL,
  `kelurahan_kk` varchar(45) DEFAULT NULL,
  `kota_kab_kk` varchar(45) DEFAULT NULL,
  `status_wil_luar` enum('Luar Wilayah','Luar Kota Bogor') DEFAULT NULL,
  PRIMARY KEY (`id_kk`)
) ENGINE=InnoDB  DEFAULT CHARSET=latin1 AUTO_INCREMENT=18 ;

--
-- Dumping data for table `kk`
--

INSERT INTO `kk` (`id_kk`, `tanggal_pendaftaran`, `nama_kk`, `jk_kk`, `alamat_kk`, `kecamatan_kk`, `kelurahan_kk`, `kota_kab_kk`, `status_wil_luar`) VALUES
(1, '2011-08-04', 'Bagus Dipo Negoro', 'Laki-laki', 'Jl. Kapten Muslihat No.24', 'Cibogor', 'Bogor Tengah', 'Bogor', ''),
(2, '2011-08-04', 'Bagus Dipo Negoro', 'Laki-laki', 'Jl. Kapten Muslihat No.24', 'Cibogor', 'Bogor Tengah', 'Bogor', ''),
(3, '2011-08-02', '', '', '', '', '', '', ''),
(4, '2011-08-04', 'Nugaraha Kusuma', 'Laki-laki', 'Jl. Babakan Raya 4', 'Pabaton', 'Bogor Tengah', 'Bogor', ''),
(6, '2011-08-07', 'Mustofah', 'Laki-laki', 'Jl. Bara 3', 'Pabaton', 'Bogor Tengah', 'Bogor', ''),
(7, '2011-08-07', 'Mustofah', 'Laki-laki', 'Jl. Bara 3', 'Pabaton', 'Bogor Tengah', 'Bogor', ''),
(8, '2011-08-07', 'Julian', 'Laki-laki', 'Jl. Balio V', 'Bojong Gede', 'Rawa Panjang', 'Bogor', 'Luar Wilayah'),
(9, '2011-08-07', 'Hidayat', 'Laki-laki', 'Jl. Perwira VIII', 'Kebon Pedes', 'Bogor Barat', 'Bogor', 'Luar Wilayah'),
(11, '2011-08-07', 'Firman Ardiansyah', 'Laki-laki', 'Jl. bogor Raya', 'Pabaton', 'Bogor Tengah', 'Bogor', ''),
(12, '2011-08-08', 'Sentosa Kurniawan', 'Laki-laki', 'Jalan Bangau Raya 54', 'Sukmajaya', 'Suka Rejo', 'Depok', 'Luar Kota Bogor'),
(13, '2011-08-08', 'lalalala', 'Laki-laki', 'lalalala', 'lalalala', 'alalala', 'alala', 'Luar Wilayah'),
(14, '2011-08-08', 'Raden Bagus Dimas', 'Laki-laki', 'Jl. Kapten Muslihat 6', 'Cibogor', 'Bogor Tengah', 'Bogor', ''),
(15, '2011-08-08', 'kelik Supriadi', 'Laki-laki', 'jl. Pendidikan 6', 'Tanah Sareal', 'Kebon Pedes', 'Bogor', 'Luar Wilayah'),
(16, '2011-08-12', '', '', '', '', '', '', ''),
(17, '2011-08-12', '', '', '', '', '', '', '');

-- --------------------------------------------------------

--
-- Table structure for table `kunjungan`
--

CREATE TABLE IF NOT EXISTS `kunjungan` (
  `id_kunjungan` int(11) NOT NULL AUTO_INCREMENT,
  `no_kunjungan` int(11) NOT NULL,
  `id_pasien` int(20) NOT NULL,
  `tanggal_kunjungan` date DEFAULT NULL,
  `status_pembayaran` enum('Lunas','Belum Lunas') DEFAULT NULL,
  `total_harga` float DEFAULT NULL,
  PRIMARY KEY (`id_kunjungan`),
  KEY `fk_kunjungan_pasien2` (`id_pasien`)
) ENGINE=InnoDB  DEFAULT CHARSET=latin1 AUTO_INCREMENT=33 ;

--
-- Dumping data for table `kunjungan`
--

INSERT INTO `kunjungan` (`id_kunjungan`, `no_kunjungan`, `id_pasien`, `tanggal_kunjungan`, `status_pembayaran`, `total_harga`) VALUES
(1, 1, 4, '2011-08-11', 'Lunas', 12000),
(2, 2, 5, '2011-08-11', 'Belum Lunas', 38500),
(3, 3, 6, '2011-08-11', 'Lunas', 3000),
(4, 4, 7, '2011-08-11', 'Lunas', 10000),
(5, 5, 8, '2011-08-07', 'Belum Lunas', 150000),
(6, 6, 15, '2011-08-07', 'Lunas', 30000),
(7, 7, 16, '2011-08-07', 'Lunas', 0),
(8, 8, 17, '2011-08-07', 'Lunas', 0),
(9, 9, 18, '2011-08-07', 'Lunas', 0),
(10, 10, 19, '2011-08-07', 'Lunas', 0),
(11, 11, 20, '2011-08-07', 'Lunas', 0),
(12, 12, 21, '2011-08-07', 'Lunas', 0),
(13, 13, 22, '2011-08-07', 'Lunas', 0),
(14, 1, 24, '2011-08-08', 'Lunas', 0),
(15, 2, 25, '2011-08-08', 'Lunas', 0),
(16, 3, 26, '2011-08-08', 'Lunas', 0),
(17, 4, 27, '2011-08-08', 'Lunas', 0),
(18, 5, 28, '2011-08-08', 'Lunas', 0),
(19, 6, 29, '2011-08-08', 'Lunas', 0),
(20, 7, 30, '2011-08-08', 'Lunas', 0),
(21, 8, 31, '2011-08-08', 'Lunas', 0),
(22, 9, 32, '2011-08-08', 'Lunas', 0),
(23, 10, 33, '2011-08-08', 'Lunas', 0),
(24, 11, 34, '2011-08-08', 'Lunas', 0),
(25, 12, 35, '2011-08-08', 'Lunas', 0),
(26, 13, 36, '2011-08-08', 'Lunas', 0),
(27, 14, 37, '2011-08-08', 'Lunas', 0),
(28, 15, 38, '2011-08-08', 'Lunas', 0),
(29, 16, 39, '2011-08-08', 'Lunas', 0),
(30, 17, 40, '2011-08-08', 'Lunas', 0),
(31, 1, 41, '2011-08-12', NULL, NULL),
(32, 2, 42, '2011-08-12', NULL, NULL);

-- --------------------------------------------------------

--
-- Table structure for table `kunjungan_has_layanan`
--

CREATE TABLE IF NOT EXISTS `kunjungan_has_layanan` (
  `id_kunjungan` int(11) NOT NULL,
  `id_layanan` int(11) NOT NULL,
  `harga_layanan` float DEFAULT NULL,
  `poli` enum('GIGI','KIA','LAB','RADIOLOGI','UMUM') DEFAULT NULL,
  PRIMARY KEY (`id_kunjungan`,`id_layanan`),
  KEY `fk_kunjungan_has_layanan_layanan1` (`id_layanan`),
  KEY `fk_kunjungan_has_layanan_kunjungan1` (`id_kunjungan`)
) ENGINE=InnoDB DEFAULT CHARSET=latin1;

--
-- Dumping data for table `kunjungan_has_layanan`
--

INSERT INTO `kunjungan_has_layanan` (`id_kunjungan`, `id_layanan`, `harga_layanan`, `poli`) VALUES
(2, 2, 20000, 'GIGI'),
(2, 3, 15000, 'GIGI');

-- --------------------------------------------------------

--
-- Table structure for table `layanan`
--

CREATE TABLE IF NOT EXISTS `layanan` (
  `id_layanan` int(11) NOT NULL AUTO_INCREMENT,
  `nama_layanan` varchar(45) DEFAULT NULL,
  `harga` float DEFAULT NULL,
  `poli` enum('GIGI','KIA','LAB','RADIOLOGI','UMUM') DEFAULT NULL,
  `poli_id_poli` int(20) NOT NULL,
  PRIMARY KEY (`id_layanan`),
  KEY `fk_layanan_poli1` (`poli_id_poli`)
) ENGINE=InnoDB  DEFAULT CHARSET=latin1 AUTO_INCREMENT=23 ;

--
-- Dumping data for table `layanan`
--

INSERT INTO `layanan` (`id_layanan`, `nama_layanan`, `harga`, `poli`, `poli_id_poli`) VALUES
(1, '-', -0, NULL, 1),
(2, 'Tambal gigi sementara', 10, NULL, 1),
(3, 'Tambal gigi tetap amalgam', 20, NULL, 1),
(4, 'Tambal gigi tetap silikat', 15, NULL, 1),
(5, 'Tambal gigi dengan glass ionomer', 20, NULL, 1),
(6, 'Tambal light Curing', 50, NULL, 1),
(7, 'Cabut gigi susu', 15, NULL, 1),
(8, 'Cabut gigi tetap', 15, NULL, 1),
(9, 'Alveolektomi 1 gigi', 15, NULL, 1),
(10, 'Ekstraksi gigi dg komplikasi', 20, NULL, 1),
(11, 'Odontektomi ringan', 200, NULL, 1),
(12, 'Scalling per-regio', 12.5, NULL, 1),
(13, 'Gigi tiruan lepas sebagian', 100, NULL, 1),
(14, 'Tambahan 1 gigi', 30, NULL, 1),
(15, 'Saddle prothesy', 200, NULL, 1),
(16, 'Jacket Crown Acrylic', 200, NULL, 1),
(17, 'Jacket Crown Porcelain', 400, NULL, 1),
(18, 'Jacket Crown Metal', 350, NULL, 1),
(19, 'Gigi tiruan penuh 1 rahang', 600, NULL, 1),
(20, 'Ordhonti ringan', 600, NULL, 1),
(21, 'KB', 20, NULL, 1),
(22, 'Melahirkan', 500, NULL, 1);

-- --------------------------------------------------------

--
-- Table structure for table `layanan_remed_kia`
--

CREATE TABLE IF NOT EXISTS `layanan_remed_kia` (
  `id_layanan` int(11) NOT NULL,
  `id_remed_kia` int(11) NOT NULL,
  PRIMARY KEY (`id_layanan`,`id_remed_kia`),
  KEY `fk_layanan_has_remed_poli_kia_remed_poli_kia1` (`id_remed_kia`),
  KEY `fk_layanan_has_remed_poli_kia_layanan1` (`id_layanan`)
) ENGINE=InnoDB DEFAULT CHARSET=latin1;

--
-- Dumping data for table `layanan_remed_kia`
--


-- --------------------------------------------------------

--
-- Table structure for table `narkoba`
--

CREATE TABLE IF NOT EXISTS `narkoba` (
  `id_narkoba` int(11) NOT NULL,
  `test_amphetamin` enum('Positif','Negatif') DEFAULT NULL,
  `test_narkoba` enum('Positif','Negatif') DEFAULT NULL,
  `test_opiat` enum('Positif','Negatif') DEFAULT NULL,
  `hasil_akhir` enum('Ada Zat Psikotropika','Tidak ada zat psikotropika') DEFAULT NULL,
  `id_pemeriksaan_lab` int(11) NOT NULL,
  PRIMARY KEY (`id_narkoba`),
  KEY `fk_narkoba_pemeriksaan_lab1` (`id_pemeriksaan_lab`)
) ENGINE=InnoDB DEFAULT CHARSET=latin1;

--
-- Dumping data for table `narkoba`
--


-- --------------------------------------------------------

--
-- Table structure for table `obat`
--

CREATE TABLE IF NOT EXISTS `obat` (
  `id_obat` int(11) NOT NULL AUTO_INCREMENT,
  `nbk_obat` varchar(100) NOT NULL,
  `satuan_obat` varchar(50) DEFAULT NULL,
  `stok_obat` int(11) DEFAULT NULL,
  `narkotik` tinyint(1) DEFAULT '0',
  PRIMARY KEY (`id_obat`)
) ENGINE=InnoDB  DEFAULT CHARSET=latin1 AUTO_INCREMENT=235 ;

--
-- Dumping data for table `obat`
--

INSERT INTO `obat` (`id_obat`, `nbk_obat`, `satuan_obat`, `stok_obat`, `narkotik`) VALUES
(1, 'Air Raksa Dental Use ', 'Botol', 2353, 0),
(2, 'Alat suntik sekali pakai 1 ml', 'Set', 490, 0),
(3, 'Alat suntik sekali pakai 2,5 ml', 'Set', 620, 0),
(4, 'Alat suntik sekali pakai 5 ml', 'Set', 56, 0),
(5, 'Alopurinol tablet 100 mg  ', 'Tablet', 44, 0),
(6, 'Aminofilin tablet 200 mg', 'Tablet', 57, 0),
(7, 'Aminofilin injeksi 24 mg/ml -10 ml', 'Ampul', 758, 0),
(8, 'Amitriptilin HCL tablet Salut 25 mg', 'Tablet', 106, 0),
(9, 'Amoksisilin Kapsul 250 mg', 'Kapsul', 50, 0),
(10, 'Amoksisilin 500 mg', 'Kaplet', 766, 0),
(11, 'Amoksisilin Sirup Kering 125 mg/5 ml', 'Botol', 98, 0),
(12, 'Antalgin (Metampiron) Tab.500 mg', 'Tablet', 64, 0),
(13, 'Antalgin Injeksi 250 mg/ml-2 ml', 'Ampul', 8, 0),
(14, 'Antasida Doen tablet', 'Tablet', 658, 0),
(15, 'Anti Bakteri Salep (Bacitr.-Polimik.)', 'Tube', 6, 0),
(16, 'Anti hemoroid DOEN', 'Supp', 86, 0),
(17, 'Antifungi DOEN ', 'Pot', 8, 0),
(18, 'Antimigren Kombinasi DOEN', 'Tablet', 6, 0),
(19, 'Aqua Pro Injeksi 20 ml', 'Ampul', 85, 0),
(20, 'Aquadest Steril 500 ml', 'Botol', 687657, 0),
(21, 'Asam Ascorbat 50 mg tab.', 'Tablet', 65, 0),
(22, 'Asam Klorida 0,1 N 100 ml', 'Botol', 4, 0),
(23, 'Asam Sulfosalisilat 20 % 100 ml', 'Botol', 648, 0),
(24, 'Asetosal tablet 500 mg', 'Tablet', 65, 0),
(25, 'Atropin Sulfat Injeksi ', 'Ampul', 7, 0),
(26, 'Benzatin Benzil Penisilin Inj. 1,2 juta IU', 'Vial', 657, 0),
(27, 'Betametason Krim 0,1 %', 'Tube', 65, 0),
(28, 'Cat/Gut Benang bedah no.2/0-3/0', 'Sachet', 765, 0),
(29, 'Dapson tablet 100 mg', 'Tablet', 7, 0),
(30, 'Deksamethaso Inj. 1 ml', 'Ampul', 56, 0),
(31, 'Deksamethaso Tablet 0,5 mg', 'Tablet', 756, 0),
(32, 'Dekstrometorfan syr', 'Botol', 0, 0),
(33, 'Dekstrometorfan Tablet 15 mg', 'Tablet', 65, 0),
(34, 'Devitalisasi Pasta (Non Arsen)', 'Botol', 758, 0),
(35, 'Diazepam Inj. 2 ml', 'Ampul', 7, 1),
(36, 'Diazepam Tablet 2 mg', 'Tablet', 65, 1),
(37, 'Difenhidramin HCL Inj. 1 ml', 'Ampul', 765, 0),
(38, 'Digoxin tablet 0,25 mg', 'Tablet', 7, 0),
(39, 'Efedrin tablet 25 mg', 'Tablet', 65, 0),
(40, 'Ekstrak Bellad. Tab. 10 mg', 'Tablet', 7, 0),
(41, 'Efinefrin HCL/Bitartrat Inj. 0,1% 1 ml', 'Ampul', 657, 0),
(42, 'Etakridin 0,1 % 300 ml', 'Botol', 46, 0),
(43, 'Etambutol HCL Tablet 250 mg', 'Tablet', 54648, 0),
(44, 'Etanol 70 % 1.000 ml', 'Botol', -5, 0),
(45, 'Etil Klorid Semprot 100 ml', 'Botol', 0, 0),
(46, 'Eugenol Cairan', 'Botol', 81, 0),
(47, 'Fenitoin Natrium Kapsul 100 mg', 'Kapsul', 8, 0),
(48, 'Fenitoin Natrium Kapsul 30 mg', 'Kapsul', 76, 0),
(49, 'Fenobarbital Inj 2 ml', 'Ampul', 87, 1),
(50, 'Fenobarbital tablet 30 mg', 'Tablet', 68, 1),
(51, 'Fenoksimetil Penisilina tablet 250 mg', 'Tablet', 67, 0),
(52, 'Fenoksimetil Penisilina tab. 500 mg', 'Tablet', 8, 0),
(53, 'Fenol Glicerol Tetes Telinga 10 %', 'Botol', 768, 0),
(54, 'Fitomenadion Inj. 1 ml', 'Ampul', 63, 0),
(55, 'Fitomenadion Tablet Salut 10 mg', 'Tablet', 8, 0),
(56, 'Furosemid tablet 40 mg', 'Tablet', 68, 0),
(57, 'Gameksan Emulsi 1% 100 ml', 'Botol', 87, 0),
(58, 'Garam Oralit 200 ml', 'Kantong', 68, 0),
(59, 'Gentian Violet 1 % 10 ml', 'Botol', 76, 0),
(60, 'Glass Ionomer Cement (GC IX)', 'Set', 8, 0),
(61, 'Glibenklamid tablet 5 mg', 'Tablet', 678, 0),
(62, 'Gliseri Guayacolat tab. 100 mg', 'Tablet', 67, 0),
(63, 'Gliserin 100 ml', 'Botol', 8, 0),
(64, 'Glucosa Lart. Infus 5% 500 ml', 'Botol', 678, 0),
(65, 'Glucosa Lart. Infus 10% 500 ml', 'Botol', 71, 0),
(66, 'Glucosa Lart. Infus 40% 25  ml', 'Ampul', 8, 0),
(67, 'Griseovulfin tab. 125 mg', 'Tablet', 678, 0),
(68, 'Haloperidol tab. 5 mg', 'Tablet', 0, 0),
(69, 'Haloperidol tab. 1,5  mg', 'Tablet', 56, 0),
(70, 'Hidroklortiazide tab. 25 mg', 'Tablet', 456, 0),
(71, 'Hidrocortison krim 2,5 %', 'Tube', 46, 0),
(72, 'Ibuprofen tab 200 mg', 'Tablet', 54, 0),
(73, 'Infusion Set anak', 'Set', 7, 0),
(74, 'Infusion Set dewasa', 'Set', 65, 0),
(75, 'Isoniazid tab. 300 mg', 'Tablet', 8, 0),
(76, 'Isosorbid Dinitrat Sub. Tab. 5 mg', 'Tablet', -41, 0),
(77, 'Jarum Jahit (Bedah) 9 s/d 14', 'Biji', 89, 0),
(78, 'Kalium Permanganat Serbuk 5 gr', 'Pot', 0, 0),
(79, 'Kalsium Hidroksi Pasata', 'Tube', 6, 0),
(80, 'Kalsium Laktat Tab. 500 mg', 'Tablet', 546, 0),
(81, 'Kapas Pembalut/Adsorben 250 gr', 'Bungkus', 54, 0),
(82, 'Karbamazepin tab. 200 mg', 'Tablet', 65, 0),
(83, 'Kasa Kompres 40/40 Steril', 'Bungkus', 87, 0),
(84, 'Kasa Pembalut 2 m X 80 cm', 'Rol', 56, 0),
(85, 'Kasa Pembalut Hydrofil 4 m X 3 cm', 'Rol', 6, 0),
(86, 'Kasa Pembalut Hydrofil 4 m X 15 cm', 'Rol', 5, 0),
(87, 'Kloramfenikol kapsul 250 mg', 'Kapsul', 34, 0),
(88, 'Kloramfenikol salep mata 1 %', 'Tube', 54, 0),
(89, 'Kloramfenikol tetes telinga 3 %', 'Botol', 6, 0),
(90, 'Klorfeniramin (CTM) tab. 4 mg', 'Tablet', 67, 0),
(91, 'Klorokuin tab. 150 mg', 'Tablet', 6, 0),
(92, 'Klorpromazin HCL Inj. 25 mg/ml 1 ml', 'Ampul', 8, 0),
(93, 'Klorpromazin HCL Inj. 5 mg/ml 2 ml', 'Ampul', 76, 0),
(94, 'Klorpromazin HCL tab. Salut 25 mgl', 'Tablet', 546, 0),
(95, 'Klorpromazin HCL tab. Salut 100 mgl', 'Tablet', 3, 0),
(96, 'Klorpropamid tab. 100 mg', 'Tablet', 5, 0),
(97, 'Kodein Fosfat tab. 10 mg', 'Tablet', 5, 0),
(98, 'Kotrimoksazol tab. Pediatrik', 'Tablet', 6, 0),
(99, 'Kotrimoksazol sirup', 'Botol', 657, 0),
(100, 'Kotrimoksazol tab 480 mg', 'Tablet', 57, 0),
(101, 'Kuinin tab. 250 mg', 'Tablet', 56, 0),
(102, 'Larutan Benedict 100 ml', 'Botol', 34, 0),
(103, 'Larutan Eosin 2 % 100 ml', 'Botol', 52, 0),
(104, 'Larutan Etanol Asam 100 ml', 'Botol', 0, 0),
(105, 'Larutan Gabbet 100 ml', 'Botol', 234, 0),
(106, 'Larutan Giemsa Stain 00 ml', 'Botol', 0, 0),
(107, 'Larutan Karbol Fuksin 100 ml', 'Botol', 564, 0),
(108, 'Larutan Kinyoun 100 ml', 'Botol', 5, 0),
(109, 'Larutan Metilen Biru 100 ml', 'Botol', 76, 0),
(110, 'Larutan Turk 100 ml', 'Botol', 58, 0),
(111, 'Lidocain Komp. Inj.', 'Ampul', 68, 0),
(112, 'Liso 50 % 1.000 ml', 'Botol', 658, 0),
(113, 'Mebendazol Sirup 100 mg/5 ml', 'Botol', 6, 0),
(114, 'Mebendazol Tab. 100 mg', 'Tablet', 8, 0),
(115, 'Metanol 100 ml', 'Botol', 568, 0),
(116, 'Metilergometrin Maleat tab. 0,125 mg', 'Tablet', 568, 0),
(117, 'Metilergometrin Maleat Inj. 0,200 mg 1ml', 'Ampul', 56, 0),
(118, 'Metronidazol tab. 250 mg', 'Tablet', 8, 0),
(119, 'Monoklorkamfer Mentol Cair', 'Botol', 0, 0),
(120, 'Mummifying Pasta', 'Botol', 5, 0),
(121, 'Natr. Bikarbonat tab. 500 mg', 'Tablet', 0, 0),
(122, 'Natr. Klorida lart. Infus 0,9 %', 'Botol', 52, 0),
(123, 'Nistatin Vagina 100.000 ui/g', 'Tablet', 52353, 0),
(124, 'Obat Antituberkulosis Kategori I', 'Paket', 2, 0),
(125, 'Obat Antituberkulosis Kategori 2', 'Paket', 532, 0),
(126, 'Obat Antituberkulosis Kategori 3', 'Paket', 4, 0),
(127, 'Obat Antituberkulosis Kategori Sisipan', 'Paket', 3, 0),
(128, 'Obat Batuk Hitam (OBH) 100 ml', 'Botol', 4, 0),
(129, 'Oksitetracyclin Inj.', 'Ampul', 3242, 0),
(130, 'Oksitetracyclin 1 % Salep Mata', 'Tube', 35, 0),
(131, 'Oksitetracyclin HCL Salep 3 %', 'Tube', 3, 0),
(132, 'Oksitosin Inj.', 'Ampul', 5, 0),
(133, 'Paraformaldehid tab. 1 gr', 'Tablet', 35, 0),
(134, 'Paracetamol sirup', 'Botol', 23, 0),
(135, 'Paracetamol Tab. 100 mg', 'Tablet', 5, 0),
(136, 'Paracetamol Tab. 500 mg', 'Tablet', 2, 0),
(137, 'Perfenazin HCL  tab 4 mg', 'Tablet', 0, 0),
(138, 'Perfenazin HCL  tab 16 mg', 'Tablet', 0, 0),
(139, 'Petidin Inj. 50 mg/ml 2 ml', 'Ampul', 0, 0),
(140, 'Pirantel tab.125 mg', 'Tablet', 0, 0),
(141, 'Piridoxin HCL tab. 10 mg', 'Tablet', 0, 0),
(142, 'Plester 5 yard x 2 inc', 'Rol', 0, 0),
(143, 'Polikresulen (Albotil) 10 ml', 'Botol', 0, 0),
(144, 'Povidon Iodida 10 % 300 ml', 'Botol', 0, 0),
(145, 'Prednison tab. 5 mg', 'Tablet', 0, 0),
(146, 'Primakuin tab. 15 mg', 'Tablet', 0, 0),
(147, 'Prokain Penisillin 3 juta IU/vial inj.', 'Vial', 0, 0),
(148, 'Propanolol HCL tab.40 mg', 'Tablet', 0, 0),
(149, 'Propiltiourasil tab. 100 mg', 'Tablet', 0, 0),
(150, 'Reserpin tab. 0,25 mg', 'Tablet', 0, 0),
(151, 'Retinol (Vit.A) kap. 200.000 IU', 'Kapsul', 0, 0),
(152, 'Rifampicin kap.300 mg', 'Kapsul', 0, 0),
(153, 'Rifampicin kap.450 mg', 'Kapsul', 0, 0),
(154, 'Rifampicin kap.600 mg', 'Kaplet', 0, 0),
(155, 'Ringer Laktat infus', 'Botol', 0, 0),
(156, 'Salbutamol tab. 2 mg', 'Tablet', 0, 0),
(157, 'Salep 2-4 (As. Sal. + Belerang )', 'Pot', 0, 0),
(158, 'Salisil Bedak 2 % 50 gr', 'Kotak', 0, 0),
(159, 'Semen Seng Fosfat Serbuk dan Cairan', 'Botol', 0, 0),
(160, 'Sianocobalamin (Vit.B12) Inj. 1 ml', 'Ampul', 0, 0),
(161, 'Silk no. 3/0 dengan jarum bedah', 'Sachet', 0, 0),
(162, 'Silver Amalgam Serbuk 65-75 %', 'Botol', 0, 0),
(163, 'Spon Gelatin Cubicles 1x1x1 cm', 'Buah', 0, 0),
(164, 'Streptomisin inj. 1.000 mg/vial', 'Vial', 0, 0),
(165, 'Streptomisin inj. 1.500 mg/vial', 'Vial', 0, 0),
(166, 'Sulfa Conus Krucut (Preparat)', 'Botol', 0, 0),
(167, 'Sulfadimidin tab. 500 mg', 'Tablet', 0, 0),
(168, 'Sulfasetamid Natrium Tetes Mata 15 %', 'Botol', 0, 0),
(169, 'Syntetic Filling Material', 'Set', 0, 0),
(170, 'Tablet Tambah Darah', 'Tablet', 0, 0),
(171, 'Temporary Stoping Fletcher', 'Set', 0, 0),
(172, 'Tetrasiklin kap.250 mg', 'Kapsul', 0, 0),
(173, 'Thiamin HCL inj. 100 mg/ml 1 ml', 'Ampul', 0, 0),
(174, 'Thiamin HCL tab. 50 mg', 'Tablet', 0, 0),
(175, 'Triheksifenidil HCL tab. 2 mg', 'Tablet', 0, 0),
(176, 'Trikresol Formalin (TKF) cairan 10 ml', 'Botol', 0, 0),
(177, 'Vitamin B Komplex tab.', 'Tablet', 0, 0),
(178, 'Yodium Povidon 10 % 1.000 ml', 'Botol', 0, 0),
(179, 'Acyclovir krim', 'Tube', 0, 0),
(180, 'Acyclovir tab. 400 mg', 'Tablet', 0, 0),
(181, 'As. Mefenamat tab. 500 mg', 'Tablet', 0, 0),
(182, 'Captopril tab. 25 mg', 'Tablet', 0, 0),
(183, 'Carbo Adsorben tab.', 'Tablet', 0, 0),
(184, 'Cimetidin tab. 200 mg', 'Tablet', 0, 0),
(185, 'Cefadroxil cap. 500 mg', 'Kapsul', 0, 0),
(186, 'Clindamycin cap. 150 mg', 'Kapsul', 0, 0),
(187, 'Cataflam tab. 50 mg', 'Tablet', 0, 0),
(188, 'Ciprofloxacin tab.500 mg', 'Tablet', 0, 0),
(189, 'Dextral tab', 'Tablet', 0, 0),
(190, 'Erythromicin tab. 500 mg', 'Tablet', 0, 0),
(191, 'Enzyplex tab', 'Tablet', 0, 0),
(192, 'Gentamicin salep', 'Tube', 0, 0),
(193, 'Fluvit C syr', 'Botol', 0, 0),
(194, 'Ichtiol Salep', 'Pot', 0, 0),
(195, 'Kaopectat syr', 'Botol', 0, 0),
(196, 'Levertran Salep', 'Pot', 0, 0),
(197, 'Lopamid tab', 'Tablet', 0, 0),
(198, 'Metoclopamid tab. 10 mg', 'Tablet', 0, 0),
(199, 'Mucohexin tab.', 'Tablet', 0, 0),
(200, 'Omeprazol cap. 10 mg', 'Kapsul', 0, 0),
(201, 'New Diaform tab.', 'Tablet', 0, 0),
(202, 'Nifedipin tab. 10 mg', 'Tablet', 0, 0),
(203, 'Neuropyron tab', 'Tablet', 0, 0),
(204, 'Papaverin tab. 40 mg', 'Tablet', 0, 0),
(205, 'Piroxicam cap.10 mg', 'Kapsul', 0, 0),
(206, 'Pyrazinamid tab.', 'Tablet', 0, 0),
(207, 'Ranitidin tab.150 mg', 'Tablet', 0, 0),
(208, 'Supraflu tab', 'Tablet', 0, 0),
(209, 'Thiamfenicol cap. 500 mg', 'Kapsul', 0, 0),
(210, 'Vit. B 12 tab', 'Tablet', 0, 0),
(211, 'Xepalat tab. 10 mg', 'Tablet', 0, 0),
(212, 'Zentropil cap 100 mg', 'Kapsul', 0, 0),
(213, 'Reagent Ziel Nelsen', 'Botol', 0, 0),
(214, 'Blood Lanset', '', 0, 0),
(215, 'Slide', '', 0, 0),
(216, 'Slide Box', '', 0, 0),
(217, 'Fe tab Program', 'Tablet', 0, 0),
(218, 'Etiket', '', 0, 0),
(219, 'Kertas Puder', '', 0, 0),
(220, 'Tetracain', 'Botol', 0, 0),
(221, 'Sarung tangan ', '', 0, 0),
(222, 'Masker', '', 0, 0),
(223, 'OBH Combi', 'Botol', 0, 0),
(224, 'Aspilet', 'Tablet', 0, 0),
(225, 'Piroz', 'Tablet', 0, 0),
(226, 'Antasid syr', 'Botol', 0, 0),
(227, 'Zink tab', 'Tablet', 0, 0),
(228, 'Citrizin', 'Tablet', 0, 0),
(229, 'Vit K Neo', 'Ampul', 0, 0),
(230, 'Etambutol 500 mg', 'Tablet', 0, 0),
(231, 'Hemoglobin C', 'Botol', 0, 0),
(232, 'Ambroxol syr', 'Botol', 0, 0),
(233, 'Urin Test', '', 0, 0),
(234, 'Etiket', 'Lembar', 0, 0);

-- --------------------------------------------------------

--
-- Table structure for table `pangkat_golongan`
--

CREATE TABLE IF NOT EXISTS `pangkat_golongan` (
  `id_pangkat_golongan` int(11) NOT NULL AUTO_INCREMENT,
  `TMT` date DEFAULT NULL,
  `pangkat` varchar(45) DEFAULT NULL,
  `golongan` varchar(45) DEFAULT NULL,
  `id_pegawai` int(11) NOT NULL,
  PRIMARY KEY (`id_pangkat_golongan`),
  KEY `fk_pangkat_golongan_pegawai1` (`id_pegawai`)
) ENGINE=InnoDB DEFAULT CHARSET=latin1 AUTO_INCREMENT=1 ;

--
-- Dumping data for table `pangkat_golongan`
--


-- --------------------------------------------------------

--
-- Table structure for table `pasien`
--

CREATE TABLE IF NOT EXISTS `pasien` (
  `id_pasien` int(20) NOT NULL AUTO_INCREMENT,
  `tanggal_pendaftaran` date DEFAULT NULL,
  `nama_pasien` varchar(45) DEFAULT NULL,
  `jk_pasien` enum('Laki-laki','Perempuan') DEFAULT NULL,
  `tanggal_lahir` date DEFAULT NULL,
  `status_dalam_keluarga` enum('Kepala Keluarga','Ibu','Anak','Keponakan','Kakek','Nenek','Tinggal Sementara') DEFAULT NULL,
  `id_kunjungan` int(11) DEFAULT NULL,
  `status_pelayanan` enum('Askes','Jamkesmas','Umum','Lain-lain') DEFAULT NULL,
  `no_kartu_layanan` bigint(20) DEFAULT NULL,
  `id_KK` int(11) DEFAULT NULL,
  `kode_pasien` varchar(50) DEFAULT NULL,
  `total_harga` float DEFAULT NULL,
  PRIMARY KEY (`id_pasien`),
  KEY `fk_pasien_KK` (`id_KK`)
) ENGINE=InnoDB  DEFAULT CHARSET=latin1 AUTO_INCREMENT=43 ;

--
-- Dumping data for table `pasien`
--

INSERT INTO `pasien` (`id_pasien`, `tanggal_pendaftaran`, `nama_pasien`, `jk_pasien`, `tanggal_lahir`, `status_dalam_keluarga`, `id_kunjungan`, `status_pelayanan`, `no_kartu_layanan`, `id_KK`, `kode_pasien`, `total_harga`) VALUES
(1, '2011-08-04', 'Annisa Anastasia', 'Perempuan', '1990-12-04', 'Ibu', NULL, 'Askes', 11233466, 4, 'A-0004-1', NULL),
(2, '2011-08-07', 'Raden Bagus', 'Laki-laki', '2000-01-04', 'Ibu', NULL, 'Askes', 12345678, 6, 'R-0006-1', NULL),
(3, '2011-08-07', 'Raden Bagus', 'Laki-laki', '2000-01-04', 'Ibu', NULL, 'Askes', 12345678, 6, 'R-0006-2', NULL),
(4, '2011-08-07', 'Farhad Alaydrus', 'Laki-laki', '1981-01-04', 'Kepala Keluarga', NULL, 'Askes', 12345678, 6, 'R-0006-3', NULL),
(5, '2011-08-07', 'Fahri Amirullah', 'Laki-laki', '1960-01-04', 'Kakek', NULL, 'Askes', 12345678, 6, 'R-0006-4', NULL),
(6, '2011-08-07', 'Neri Petri Anti', 'Perempuan', '2010-01-04', 'Anak', NULL, 'Askes', 12345678, 6, 'R-0006-5', NULL),
(7, '2011-08-07', 'Anita Daulay', 'Perempuan', '2000-01-04', 'Tinggal Sementara', NULL, 'Askes', 12345678, 6, 'R-0006-6', NULL),
(8, '2011-08-07', 'Anira', 'Perempuan', '2005-04-05', 'Ibu', NULL, 'Askes', 12345, 7, 'A-0007-1', NULL),
(9, '2011-08-07', 'Tiara', 'Perempuan', '2007-04-05', 'Ibu', NULL, 'Jamkesmas', 12345888, 7, 'T-0007-2', NULL),
(10, '2011-08-07', 'Febri', 'Laki-laki', '1995-09-12', 'Ibu', NULL, 'Lain-lain', 0, 7, 'F-0007-3', NULL),
(11, '2011-08-07', 'Yeni', 'Perempuan', '1979-10-13', 'Kepala Keluarga', NULL, 'Umum', 0, 7, 'Y-0007-4', NULL),
(12, '2011-08-07', 'Yeni', 'Perempuan', '1979-10-13', 'Kepala Keluarga', NULL, 'Umum', 0, 7, 'Y-0007-5', NULL),
(13, '2011-08-07', 'Aditya Aradika', 'Laki-laki', '1992-10-24', 'Ibu', NULL, 'Askes', 112345, 8, 'A-0008-1', NULL),
(14, '2011-08-07', 'Aditya Aradika', 'Laki-laki', '1992-10-24', 'Ibu', NULL, 'Askes', 112345, 8, 'A-0008-2', NULL),
(15, '2011-08-07', 'Aditya Aradika', 'Laki-laki', '1992-10-24', 'Ibu', NULL, 'Askes', 112345, 8, 'A-0008-3', NULL),
(16, '2011-08-07', 'Aditya Aradika', 'Laki-laki', '1992-10-24', 'Ibu', NULL, 'Askes', 112345, 8, 'A-0008-4', NULL),
(17, '2011-08-07', 'Muslimah', 'Perempuan', '1944-01-04', 'Kakek', NULL, 'Lain-lain', 0, 9, 'M-0009-1', NULL),
(18, '2011-08-07', 'Muslimah', 'Perempuan', '1944-01-04', 'Kakek', NULL, 'Lain-lain', 0, 9, 'M-0009-2', NULL),
(19, '2011-08-07', 'Muslim', 'Perempuan', '1944-01-04', 'Nenek', NULL, 'Lain-lain', 0, 9, 'M-0009-3', NULL),
(20, '2011-08-07', 'Marlina', 'Perempuan', '1991-05-20', 'Ibu', NULL, 'Umum', 0, 9, 'M-0009-4', NULL),
(21, '2011-08-07', 'Muhammad Abrar Istiadi', 'Laki-laki', '1990-08-29', '', NULL, 'Askes', 1234567, 9, 'M-0009-5', NULL),
(22, '2011-08-07', 'Vininta Ayu', 'Perempuan', '2003-04-04', 'Anak', NULL, 'Jamkesmas', 2345678, 11, 'V-0011-1', NULL),
(23, '2011-08-08', 'Sentosa Kurniawan', 'Laki-laki', '1955-06-05', 'Nenek', NULL, 'Askes', 123456543, 12, 'S-0012-1', NULL),
(24, '2011-08-08', 'Sentosa Kurniawan', 'Laki-laki', '1955-06-05', 'Nenek', NULL, 'Askes', 123456543, 12, 'S-0012-2', NULL),
(25, '2011-08-08', 'Sentosa Kurniawan', 'Laki-laki', '1955-06-05', 'Nenek', NULL, 'Askes', 123456543, 12, 'S-0012-3', NULL),
(26, '2011-08-08', 'Sentosa Kurniawan', 'Laki-laki', '1955-06-05', 'Nenek', NULL, 'Askes', 123456543, 12, 'S-0012-4', NULL),
(27, '2011-08-08', 'Sentosa Kurniawan', 'Laki-laki', '1955-06-05', 'Nenek', NULL, 'Askes', 123456543, 12, 'S-0012-5', NULL),
(28, '2011-08-08', 'Sentosa Kurniawan', 'Laki-laki', '1955-06-05', 'Nenek', NULL, 'Askes', 123456543, 12, 'S-0012-6', NULL),
(29, '2011-08-08', 'Dwi Apriliana', 'Perempuan', '1990-09-30', 'Anak', NULL, 'Umum', 0, 12, 'D-0012-7', NULL),
(30, '2011-08-08', 'Fitri Hakim', 'Perempuan', '1976-12-12', 'Ibu', NULL, 'Lain-lain', 0, 12, 'F-0012-8', NULL),
(31, '2011-08-08', 'Fitri Hakim', 'Perempuan', '1976-12-12', 'Ibu', NULL, 'Lain-lain', 0, 12, 'F-0012-9', NULL),
(32, '2011-08-08', 'Fitri Hakim', 'Perempuan', '1976-12-12', 'Ibu', NULL, 'Lain-lain', 0, 12, 'F-0012-10', NULL),
(33, '2011-08-08', 'testing', 'Perempuan', '0000-00-00', 'Kepala Keluarga', NULL, 'Umum', 0, 12, 'T-0012-11', NULL),
(34, '2011-08-08', 'Annisa', 'Perempuan', '1990-12-04', '', NULL, 'Jamkesmas', 12345678, 12, 'A-0012-12', NULL),
(35, '2011-08-08', 'lalalalalaa', 'Laki-laki', '0000-00-00', 'Kepala Keluarga', NULL, 'Umum', 0, 13, 'L-0013-1', NULL),
(36, '2011-08-08', 'lalalal', '', '0000-00-00', 'Kepala Keluarga', NULL, 'Umum', 0, 9, 'L-0009-6', NULL),
(37, '2011-08-08', 'Meri Marlina', 'Perempuan', '1998-04-15', 'Anak', NULL, 'Askes', 2345678, 14, 'M-0014-1', NULL),
(38, '2011-08-08', 'bebek', 'Laki-laki', '1990-01-12', 'Keponakan', NULL, 'Lain-lain', 0, 7, 'B-0007-6', NULL),
(39, '2011-08-08', 'Fatih ', 'Laki-laki', '2004-04-12', 'Anak', NULL, 'Askes', 1234567890, 15, 'F-0015-1', NULL),
(40, '2011-08-08', 'Kenia Utari', 'Perempuan', '1986-08-13', 'Ibu', NULL, 'Askes', 34567890, 15, 'K-0015-2', NULL),
(41, '2011-08-12', '', '', '0000-00-00', 'Kepala Keluarga', NULL, 'Umum', 0, 16, '-0016-1', NULL),
(42, '2011-08-12', '', '', '0000-00-00', 'Kepala Keluarga', NULL, 'Umum', 0, 17, '-0017-1', NULL);

-- --------------------------------------------------------

--
-- Table structure for table `pegawai`
--

CREATE TABLE IF NOT EXISTS `pegawai` (
  `id_pegawai` int(11) NOT NULL AUTO_INCREMENT,
  `nip` varchar(18) DEFAULT NULL,
  `nama` varchar(255) DEFAULT NULL,
  `tempat_lahir` varchar(45) DEFAULT NULL,
  `tanggal_lahir` date DEFAULT NULL,
  `alamat` varchar(255) DEFAULT NULL,
  `jk` enum('L','P') DEFAULT NULL,
  `agama` varchar(45) DEFAULT NULL,
  `gol_darah` varchar(10) DEFAULT NULL,
  `telepon` varchar(50) DEFAULT NULL,
  `status` varchar(45) DEFAULT NULL,
  `tanggal_masuk` date DEFAULT NULL,
  `pasfoto` varchar(255) DEFAULT NULL,
  `kenaikan_YAD` date DEFAULT NULL,
  `status_kepegawaian` varchar(100) DEFAULT NULL,
  `sumber_gaji` varchar(255) DEFAULT NULL,
  `id_atasan` int(11) DEFAULT NULL,
  PRIMARY KEY (`id_pegawai`),
  UNIQUE KEY `nip_UNIQUE` (`nip`),
  KEY `fk_pegawai_pegawai` (`id_atasan`)
) ENGINE=InnoDB DEFAULT CHARSET=latin1 AUTO_INCREMENT=1 ;

--
-- Dumping data for table `pegawai`
--


-- --------------------------------------------------------

--
-- Table structure for table `pelatihan`
--

CREATE TABLE IF NOT EXISTS `pelatihan` (
  `id_pelatihan` int(11) NOT NULL AUTO_INCREMENT,
  `tahun` int(11) DEFAULT NULL,
  `pelatihan` varchar(255) DEFAULT NULL,
  `id_pegawai` int(11) NOT NULL,
  PRIMARY KEY (`id_pelatihan`),
  KEY `fk_pelatihan_pegawai1` (`id_pegawai`)
) ENGINE=InnoDB DEFAULT CHARSET=latin1 AUTO_INCREMENT=1 ;

--
-- Dumping data for table `pelatihan`
--


-- --------------------------------------------------------

--
-- Table structure for table `pemakainan_intern`
--

CREATE TABLE IF NOT EXISTS `pemakainan_intern` (
  `id_pemakainan_intern` bigint(20) NOT NULL,
  `waktu` datetime DEFAULT NULL,
  `keterangan` text,
  `poli` varchar(255) DEFAULT NULL,
  PRIMARY KEY (`id_pemakainan_intern`)
) ENGINE=InnoDB DEFAULT CHARSET=latin1;

--
-- Dumping data for table `pemakainan_intern`
--


-- --------------------------------------------------------

--
-- Table structure for table `pemakainan_obat`
--

CREATE TABLE IF NOT EXISTS `pemakainan_obat` (
  `id_pemakainan_obat` bigint(20) NOT NULL,
  `waktu` datetime DEFAULT NULL,
  PRIMARY KEY (`id_pemakainan_obat`)
) ENGINE=InnoDB DEFAULT CHARSET=latin1;

--
-- Dumping data for table `pemakainan_obat`
--


-- --------------------------------------------------------

--
-- Table structure for table `pembayaran`
--

CREATE TABLE IF NOT EXISTS `pembayaran` (
  `id_pembayaran` int(11) NOT NULL,
  `kunjungan_id_kunjungan` int(11) NOT NULL,
  `layanan_id_layanan` int(11) NOT NULL,
  PRIMARY KEY (`id_pembayaran`,`layanan_id_layanan`),
  KEY `fk_pembayaran_kunjungan1` (`kunjungan_id_kunjungan`),
  KEY `fk_pembayaran_layanan1` (`layanan_id_layanan`)
) ENGINE=InnoDB DEFAULT CHARSET=latin1;

--
-- Dumping data for table `pembayaran`
--


-- --------------------------------------------------------

--
-- Table structure for table `pemeriksaan_dahak`
--

CREATE TABLE IF NOT EXISTS `pemeriksaan_dahak` (
  `id_pemeriksaan_dahak` int(11) NOT NULL AUTO_INCREMENT,
  `waktu_pemeriksaan_dahak` enum('sebelum pengobatan','b','c','d','setelah pengobatan') DEFAULT NULL,
  `hasil` varchar(45) DEFAULT NULL,
  `id_tbc` int(11) NOT NULL,
  `id_pemeriksaan_lab` int(11) NOT NULL,
  `alasan_pemeriksaan` enum('Diagnosis','Follow up') DEFAULT NULL,
  PRIMARY KEY (`id_pemeriksaan_dahak`),
  KEY `fk_pemeriksaan_dahak_tbc1` (`id_tbc`),
  KEY `fk_pemeriksaan_dahak_pemeriksaan_lab1` (`id_pemeriksaan_lab`)
) ENGINE=InnoDB DEFAULT CHARSET=latin1 AUTO_INCREMENT=1 ;

--
-- Dumping data for table `pemeriksaan_dahak`
--


-- --------------------------------------------------------

--
-- Table structure for table `pemeriksaan_lab`
--

CREATE TABLE IF NOT EXISTS `pemeriksaan_lab` (
  `id_pemeriksaan_lab` int(11) NOT NULL AUTO_INCREMENT,
  `tanggal_pemeriksaan` date DEFAULT NULL,
  `keterangan` varchar(45) DEFAULT NULL,
  `id_layanan` int(11) NOT NULL,
  PRIMARY KEY (`id_pemeriksaan_lab`),
  KEY `fk_pemeriksaan_lab_layanan1` (`id_layanan`)
) ENGINE=InnoDB DEFAULT CHARSET=latin1 AUTO_INCREMENT=1 ;

--
-- Dumping data for table `pemeriksaan_lab`
--


-- --------------------------------------------------------

--
-- Table structure for table `pendidikan`
--

CREATE TABLE IF NOT EXISTS `pendidikan` (
  `id_pendidikan` int(11) NOT NULL AUTO_INCREMENT,
  `tahun_ijazah` int(11) DEFAULT NULL,
  `pendidikan` varchar(255) DEFAULT NULL,
  `id_pegawai` int(11) NOT NULL,
  PRIMARY KEY (`id_pendidikan`),
  KEY `fk_pendidikan_pegawai1` (`id_pegawai`)
) ENGINE=InnoDB DEFAULT CHARSET=latin1 AUTO_INCREMENT=1 ;

--
-- Dumping data for table `pendidikan`
--


-- --------------------------------------------------------

--
-- Table structure for table `penyakit`
--

CREATE TABLE IF NOT EXISTS `penyakit` (
  `id_penyakit` int(11) NOT NULL AUTO_INCREMENT,
  `kode_penyakit` char(50) DEFAULT NULL,
  `nama_penyakit` char(50) DEFAULT NULL,
  `poli_id_poli` int(20) NOT NULL,
  PRIMARY KEY (`id_penyakit`),
  KEY `fk_penyakit_poli1` (`poli_id_poli`)
) ENGINE=InnoDB  DEFAULT CHARSET=latin1 AUTO_INCREMENT=11 ;

--
-- Dumping data for table `penyakit`
--

INSERT INTO `penyakit` (`id_penyakit`, `kode_penyakit`, `nama_penyakit`, `poli_id_poli`) VALUES
(1, '02', 'Karies Gigi', 1),
(2, '03', 'Penyakit Pulpa & Jar', 1),
(3, '04', 'Penyakit gusi & peri', 1),
(4, '05', 'Penyakit dentofasial', 1),
(5, '08', 'Gangguan didi & jari', 1),
(8, '01', 'kanker rahim', 3),
(9, '02', 'tumor', 3),
(10, '23', 'frv', 3);

-- --------------------------------------------------------

--
-- Table structure for table `penyakit_remed_gigi`
--

CREATE TABLE IF NOT EXISTS `penyakit_remed_gigi` (
  `id_remed_gigi` int(20) NOT NULL,
  `id_penyakit` int(11) NOT NULL,
  KEY `fk_penyakit_has_remed_poli_gigi_remed_poli_gigi2` (`id_remed_gigi`),
  KEY `fk_penyakit_has_remed_poli_gigi_penyakit1` (`id_penyakit`)
) ENGINE=InnoDB DEFAULT CHARSET=latin1;

--
-- Dumping data for table `penyakit_remed_gigi`
--

INSERT INTO `penyakit_remed_gigi` (`id_remed_gigi`, `id_penyakit`) VALUES
(1, 1),
(2, 4),
(3, 4),
(4, 4),
(5, 4),
(6, 1),
(7, 1),
(8, 1),
(9, 4),
(10, 4),
(11, 4),
(12, 4),
(13, 4),
(14, 4),
(15, 4),
(16, 4),
(17, 4),
(18, 4),
(19, 4),
(20, 4),
(21, 4),
(24, 1);

-- --------------------------------------------------------

--
-- Table structure for table `penyakit_remed_kia`
--

CREATE TABLE IF NOT EXISTS `penyakit_remed_kia` (
  `id_remed_kia` int(11) NOT NULL,
  `id_penyakit` int(11) NOT NULL,
  KEY `fk_penyakit_has_remed_poli_kia_remed_poli_kia1` (`id_remed_kia`),
  KEY `fk_penyakit_has_remed_poli_kia_penyakit1` (`id_penyakit`)
) ENGINE=InnoDB DEFAULT CHARSET=latin1;

--
-- Dumping data for table `penyakit_remed_kia`
--


-- --------------------------------------------------------

--
-- Table structure for table `penyakit_remed_umum`
--

CREATE TABLE IF NOT EXISTS `penyakit_remed_umum` (
  `id_penyakit` int(11) NOT NULL,
  `id_remed_umum` int(11) NOT NULL,
  `id_penyakit1` int(11) NOT NULL,
  PRIMARY KEY (`id_penyakit`),
  KEY `fk_penyakit_has_remed_poli_umum_remed_poli_umum1` (`id_remed_umum`),
  KEY `fk_penyakit_has_remed_poli_umum_penyakit1` (`id_penyakit1`)
) ENGINE=InnoDB DEFAULT CHARSET=latin1;

--
-- Dumping data for table `penyakit_remed_umum`
--


-- --------------------------------------------------------

--
-- Table structure for table `poli`
--

CREATE TABLE IF NOT EXISTS `poli` (
  `id_poli` int(20) NOT NULL AUTO_INCREMENT,
  `nama_poli` enum('Gigi','Umum','KIA','Laboratorium','Radiologi','Rujukan') DEFAULT NULL,
  PRIMARY KEY (`id_poli`)
) ENGINE=InnoDB  DEFAULT CHARSET=latin1 AUTO_INCREMENT=7 ;

--
-- Dumping data for table `poli`
--

INSERT INTO `poli` (`id_poli`, `nama_poli`) VALUES
(1, 'Gigi'),
(2, 'Umum'),
(3, 'KIA'),
(4, 'Laboratorium'),
(5, 'Radiologi'),
(6, 'Rujukan');

-- --------------------------------------------------------

--
-- Table structure for table `remedi_umum_layanan`
--

CREATE TABLE IF NOT EXISTS `remedi_umum_layanan` (
  `id_remed_umum` int(11) NOT NULL,
  `id_layanan` int(11) NOT NULL,
  PRIMARY KEY (`id_remed_umum`,`id_layanan`),
  KEY `fk_remed_poli_umum_has_layanan_layanan1` (`id_layanan`),
  KEY `fk_remed_poli_umum_has_layanan_remed_poli_umum1` (`id_remed_umum`)
) ENGINE=InnoDB DEFAULT CHARSET=latin1;

--
-- Dumping data for table `remedi_umum_layanan`
--


-- --------------------------------------------------------

--
-- Table structure for table `remed_gigi_layanan`
--

CREATE TABLE IF NOT EXISTS `remed_gigi_layanan` (
  `id_remed_gigi` int(20) NOT NULL,
  `id_layanan` int(11) NOT NULL,
  PRIMARY KEY (`id_remed_gigi`,`id_layanan`),
  KEY `fk_remed_poli_gigi_has_layanan_layanan1` (`id_layanan`),
  KEY `fk_remed_poli_gigi_has_layanan_remed_poli_gigi1` (`id_remed_gigi`)
) ENGINE=InnoDB DEFAULT CHARSET=latin1;

--
-- Dumping data for table `remed_gigi_layanan`
--

INSERT INTO `remed_gigi_layanan` (`id_remed_gigi`, `id_layanan`) VALUES
(8, 1),
(2, 6),
(3, 6),
(4, 6),
(5, 6),
(7, 6),
(24, 10),
(1, 12),
(9, 14),
(10, 14),
(11, 14),
(12, 14),
(13, 14),
(14, 14),
(15, 14),
(16, 14),
(17, 14),
(18, 14),
(19, 14),
(20, 14),
(21, 14),
(6, 16);

-- --------------------------------------------------------

--
-- Table structure for table `remed_poli_gigi`
--

CREATE TABLE IF NOT EXISTS `remed_poli_gigi` (
  `id_remed_gigi` int(11) NOT NULL AUTO_INCREMENT,
  `tanggal_kunjungan_gigi` date DEFAULT NULL,
  `anamnesis` text,
  `diagnosis` text,
  `id_kunjungan` int(11) NOT NULL,
  `keterangan` text,
  `id_pasien` int(11) NOT NULL,
  PRIMARY KEY (`id_remed_gigi`),
  KEY `fk_remed_poli_gigi_kunjungan1` (`id_kunjungan`),
  KEY `fk_remed_poli_gigi_pasien1` (`id_pasien`)
) ENGINE=InnoDB  DEFAULT CHARSET=latin1 AUTO_INCREMENT=25 ;

--
-- Dumping data for table `remed_poli_gigi`
--

INSERT INTO `remed_poli_gigi` (`id_remed_gigi`, `tanggal_kunjungan_gigi`, `anamnesis`, `diagnosis`, `id_kunjungan`, `keterangan`, `id_pasien`) VALUES
(1, '2011-05-03', 'gigi bengkak,,', 'gigi dan sariawan bengkak', 2, '', 1),
(2, '2011-08-06', 'gigi berlubang', 'sakit gigi', 2, 'tambal gigi', 1),
(3, '2011-08-05', ' sariawan', 'gusi bengkak', 2, '', 1),
(4, '2011-06-07', 'gigi bengkak', 'gusi bengkak', 2, 'minum obat sehari 3 kali', 1),
(5, '2011-08-18', 'sakit gigi dan bengkak', 'kemungkinan cabut gigi', 2, '', 1),
(6, '2011-08-18', 'Kesehatan gigi dan mulut hingga kini masih belum menjadi perhatian utama. Akibatnya, gigi berlubang atau karies menjadi masalah umum yang dihadapi ', 'Kesehatan gigi dan mulut hingga kini masih belum menjadi perhatian utama. Akibatnya, ', 2, 'Kesehatan gigi dan mulut hingga kini masih belum menjadi perhatian utama. Akibatnya, ', 1),
(7, '2011-08-10', 'Kesehatan gigi dan mulut hingga kini masih belum menjadi perhatian utama. Akibatnya, ', 'Kesehatan gigi dan mulut hingga kini masih belum menjadi perhatian utama. Akibatnya, ', 2, 'Kesehatan gigi dan mulut hingga kini masih belum menjadi perhatian utama. Akibatnya, ', 1),
(8, '2011-05-09', 'Kesehatan gigi dan mulut hingga kini masih belum menjadi perhatian utama. Akibatnya, ', 'Kesehatan gigi dan mulut hingga kini masih belum menjadi perhatian utama. Akibatnya, ', 2, 'Kesehatan gigi dan mulut hingga kini masih belum menjadi perhatian utama. Akibatnya, ', 1),
(9, '2011-02-07', 'Kesehatan gigi dan mulut hingga kini masih belum menjadi perhatian utama. Akibatnya, ', 'Kesehatan gigi dan mulut hingga kini masih belum menjadi perhatian utama. Akibatnya, ', 2, 'Kesehatan gigi dan mulut hingga kini masih belum menjadi perhatian utama. Akibatnya, ', 1),
(10, '2011-08-11', 'Kesehatan gigi dan mulut hingga kini masih belum menjadi perhatian utama. Akibatnya, ', 'Kesehatan gigi dan mulut hingga kini masih belum menjadi perhatian utama. Akibatnya, ', 2, 'Kesehatan gigi dan mulut hingga kini masih belum menjadi perhatian utama. Akibatnya, ', 2),
(11, '2011-08-18', 'Kesehatan gigi dan mulut hingga kini masih belum menjadi perhatian utama. Akibatnya, ', 'Kesehatan gigi dan mulut hingga kini masih belum menjadi perhatian utama. Akibatnya, ', 2, 'Kesehatan gigi dan mulut hingga kini masih belum menjadi perhatian utama. Akibatnya, ', 2),
(12, '2011-08-25', 'Kesehatan gigi dan mulut hingga kini masih belum menjadi perhatian utama. Akibatnya, ', 'Kesehatan gigi dan mulut hingga kini masih belum menjadi perhatian utama. Akibatnya, ', 2, 'Kesehatan gigi dan mulut hingga kini masih belum menjadi perhatian utama. Akibatnya, ', 2),
(13, '2010-06-07', 'Kesehatan gigi dan mulut hingga kini masih belum menjadi perhatian utama. Akibatnya, ', 'Kesehatan gigi dan mulut hingga kini masih belum menjadi perhatian utama. Akibatnya, ', 2, 'Kesehatan gigi dan mulut hingga kini masih belum menjadi perhatian utama. Akibatnya, ', 2),
(14, '2011-04-04', 'Kesehatan gigi dan mulut hingga kini masih belum menjadi perhatian utama. Akibatnya, ', 'Kesehatan gigi dan mulut hingga kini masih belum menjadi perhatian utama. Akibatnya, ', 2, 'Kesehatan gigi dan mulut hingga kini masih belum menjadi perhatian utama. Akibatnya, ', 2),
(15, '2011-02-21', 'Kesehatan gigi dan mulut hingga kini masih belum menjadi perhatian utama. Akibatnya, ', 'Kesehatan gigi dan mulut hingga kini masih belum menjadi perhatian utama. Akibatnya, ', 2, 'Kesehatan gigi dan mulut hingga kini masih belum menjadi perhatian utama. Akibatnya, ', 2),
(16, '2011-08-10', 'Kesehatan gigi dan mulut hingga kini masih belum menjadi perhatian utama. Akibatnya, ', 'Kesehatan gigi dan mulut hingga kini masih belum menjadi perhatian utama. Akibatnya, ', 2, 'Kesehatan gigi dan mulut hingga kini masih belum menjadi perhatian utama. Akibatnya, ', 3),
(17, '2011-03-07', 'Kesehatan gigi dan mulut hingga kini masih belum menjadi perhatian utama. Akibatnya, ', 'Kesehatan gigi dan mulut hingga kini masih belum menjadi perhatian utama. Akibatnya, ', 2, 'Kesehatan gigi dan mulut hingga kini masih belum menjadi perhatian utama. Akibatnya, ', 2),
(18, '2011-08-03', 'Kesehatan gigi dan mulut hingga kini masih belum menjadi perhatian utama. Akibatnya, ', 'Kesehatan gigi dan mulut hingga kini masih belum menjadi perhatian utama. Akibatnya, ', 2, 'Kesehatan gigi dan mulut hingga kini masih belum menjadi perhatian utama. Akibatnya, ', 2),
(19, '2011-04-19', 'Kesehatan gigi dan mulut hingga kini masih belum menjadi perhatian utama. Akibatnya, ', 'Kesehatan gigi dan mulut hingga kini masih belum menjadi perhatian utama. Akibatnya, ', 2, 'Kesehatan gigi dan mulut hingga kini masih belum menjadi perhatian utama. Akibatnya, ', 3),
(20, '2011-03-07', 'Kesehatan gigi dan mulut hingga kini masih belum menjadi perhatian utama. Akibatnya, ', 'Kesehatan gigi dan mulut hingga kini masih belum menjadi perhatian utama. Akibatnya, ', 2, 'Kesehatan gigi dan mulut hingga kini masih belum menjadi perhatian utama. Akibatnya, ', 2),
(21, '2011-05-09', 'Kesehatan gigi dan mulut hingga kini masih belum menjadi perhatian utama. Akibatnya, ', 'Kesehatan gigi dan mulut hingga kini masih belum menjadi perhatian utama. Akibatnya, ', 2, 'Kesehatan gigi dan mulut hingga kini masih belum menjadi perhatian utama. Akibatnya, ', 1),
(22, '2011-08-18', 'Kesehatan gigi dan mulut hingga kini masih belum menjadi perhatian utama. Akibatnya, ', 'Kesehatan gigi dan mulut hingga kini masih belum menjadi perhatian utama. Akibatnya, ', 2, 'Kesehatan gigi dan mulut hingga kini masih belum menjadi perhatian utama. Akibatnya, ', 1),
(23, '2011-08-11', 'Kesehatan gigi dan mulut hingga kini masih belum menjadi perhatian utama. Akibatnya, ', 'Kesehatan gigi dan mulut hingga kini masih belum menjadi perhatian utama. Akibatnya, ', 2, NULL, 1),
(24, '0000-00-00', 'sakit gigi', 'gigi bengkak', 2, 'apa ajah', 1);

-- --------------------------------------------------------

--
-- Table structure for table `remed_poli_kia`
--

CREATE TABLE IF NOT EXISTS `remed_poli_kia` (
  `id_remed_kia` int(11) NOT NULL AUTO_INCREMENT,
  `tanggal_kunjungan_kia` date DEFAULT NULL,
  `anamnesis` text,
  `diagnosa` text,
  `id_kunjungan` int(11) NOT NULL,
  `keterangan` text,
  `id_pasien` int(11) NOT NULL,
  PRIMARY KEY (`id_remed_kia`),
  KEY `fk_remed_poli_kia_kunjungan1` (`id_kunjungan`),
  KEY `fk_remed_poli_kia_pasien1` (`id_pasien`)
) ENGINE=InnoDB DEFAULT CHARSET=latin1 AUTO_INCREMENT=1 ;

--
-- Dumping data for table `remed_poli_kia`
--


-- --------------------------------------------------------

--
-- Table structure for table `remed_poli_umum`
--

CREATE TABLE IF NOT EXISTS `remed_poli_umum` (
  `id_remed_umum` int(11) NOT NULL AUTO_INCREMENT,
  `tanggal_kunjungan_umum` date DEFAULT NULL,
  `anamnesis` text,
  `diagnosa` text,
  `campak_id_campak` int(11) DEFAULT NULL,
  `id_diare` int(11) DEFAULT NULL,
  `id_ispa` int(11) DEFAULT NULL,
  `id_tbc` int(11) DEFAULT NULL,
  `id_kunjungan` int(11) NOT NULL,
  `keterangan` text,
  `id_pasien` int(20) NOT NULL,
  PRIMARY KEY (`id_remed_umum`),
  KEY `fk_remed_poli_umum_campak1` (`campak_id_campak`),
  KEY `fk_remed_poli_umum_diare1` (`id_diare`),
  KEY `fk_remed_poli_umum_ispa1` (`id_ispa`),
  KEY `fk_remed_poli_umum_tbc1` (`id_tbc`),
  KEY `fk_remed_poli_umum_kunjungan1` (`id_kunjungan`),
  KEY `fk_remed_poli_umum_pasien1` (`id_pasien`)
) ENGINE=InnoDB DEFAULT CHARSET=latin1 AUTO_INCREMENT=1 ;

--
-- Dumping data for table `remed_poli_umum`
--


-- --------------------------------------------------------

--
-- Table structure for table `remed_umum_lab`
--

CREATE TABLE IF NOT EXISTS `remed_umum_lab` (
  `id_remed_umum` int(11) NOT NULL,
  `id_pemeriksaan_lab` int(11) NOT NULL,
  PRIMARY KEY (`id_remed_umum`,`id_pemeriksaan_lab`),
  KEY `fk_remed_poli_umum_has_pemeriksaan_lab_pemeriksaan_lab1` (`id_pemeriksaan_lab`),
  KEY `fk_remed_poli_umum_has_pemeriksaan_lab_remed_poli_umum1` (`id_remed_umum`)
) ENGINE=InnoDB DEFAULT CHARSET=latin1;

--
-- Dumping data for table `remed_umum_lab`
--


-- --------------------------------------------------------

--
-- Table structure for table `resep`
--

CREATE TABLE IF NOT EXISTS `resep` (
  `id_resep` bigint(20) NOT NULL AUTO_INCREMENT,
  `waktu` datetime DEFAULT NULL,
  `id_pasien` int(20) NOT NULL,
  PRIMARY KEY (`id_resep`),
  KEY `fk_resep_pasien1` (`id_pasien`)
) ENGINE=InnoDB DEFAULT CHARSET=latin1 AUTO_INCREMENT=1 ;

--
-- Dumping data for table `resep`
--


-- --------------------------------------------------------

--
-- Table structure for table `rontgen`
--

CREATE TABLE IF NOT EXISTS `rontgen` (
  `id_rontgen` int(11) NOT NULL AUTO_INCREMENT,
  `hasil` text,
  `keterangan` text,
  `id_kunjungan` int(11) NOT NULL,
  `id_layanan` int(11) NOT NULL,
  PRIMARY KEY (`id_rontgen`),
  KEY `fk_rontgen_kunjungan1` (`id_kunjungan`),
  KEY `fk_rontgen_layanan1` (`id_layanan`)
) ENGINE=InnoDB DEFAULT CHARSET=latin1 AUTO_INCREMENT=1 ;

--
-- Dumping data for table `rontgen`
--


-- --------------------------------------------------------

--
-- Table structure for table `tanggungan`
--

CREATE TABLE IF NOT EXISTS `tanggungan` (
  `id_tanggungan` int(11) NOT NULL AUTO_INCREMENT,
  `nama` varchar(255) DEFAULT NULL,
  `tanggal_lahir` date DEFAULT NULL,
  `tanggal_nikah` date DEFAULT NULL,
  `pekerjaan` varchar(100) DEFAULT NULL,
  `dapat_tunjangan` tinyint(1) DEFAULT NULL,
  `keterangan` varchar(45) DEFAULT NULL,
  `id_pegawai` int(11) NOT NULL,
  PRIMARY KEY (`id_tanggungan`),
  KEY `fk_tanggungan_pegawai1` (`id_pegawai`)
) ENGINE=InnoDB DEFAULT CHARSET=latin1 AUTO_INCREMENT=1 ;

--
-- Dumping data for table `tanggungan`
--


-- --------------------------------------------------------

--
-- Table structure for table `tbc`
--

CREATE TABLE IF NOT EXISTS `tbc` (
  `id_tbc` int(11) NOT NULL AUTO_INCREMENT,
  `alasan_periksa_lab` text,
  `hasil_periksa_lab` text,
  `rejimen` text,
  `klasifikasi_penyakit` enum('paru','ekstra paru') DEFAULT NULL,
  `tipe_penderita` enum('baru','kambuh','pindahan','default','lainnya') DEFAULT NULL,
  `keterangan` text,
  PRIMARY KEY (`id_tbc`)
) ENGINE=InnoDB DEFAULT CHARSET=latin1 AUTO_INCREMENT=1 ;

--
-- Dumping data for table `tbc`
--


-- --------------------------------------------------------

--
-- Table structure for table `urin`
--

CREATE TABLE IF NOT EXISTS `urin` (
  `id_urin` int(11) NOT NULL AUTO_INCREMENT,
  `mak_warna` varchar(45) DEFAULT NULL,
  `mak_kekeruhan` varchar(45) DEFAULT NULL,
  `mak_keasaman` float DEFAULT NULL,
  `mak_berat_jenis` float DEFAULT NULL,
  `mik_eritrosit` float DEFAULT NULL,
  `mik_lekosit` float DEFAULT NULL,
  `mik_epitel` enum('Positif','Negatif') DEFAULT NULL,
  `mik_kristal` enum('Positif','Negatif') DEFAULT NULL,
  `mik_selinder` enum('Positif','Negatif') DEFAULT NULL,
  `mik_bakteri` enum('Positif','Negatif') DEFAULT NULL,
  `mik_jamur` enum('Positif','Negatif') DEFAULT NULL,
  `kim_glukosa` enum('Positif','Negatif') DEFAULT NULL,
  `kim_protein` enum('Positif','Negatif') DEFAULT NULL,
  `kim_bilirubin` enum('Positif','Negatif') DEFAULT NULL,
  `kim_urobilin` enum('Positif','Negatif') DEFAULT NULL,
  `kim_keton` enum('Positif','Negatif') DEFAULT NULL,
  `kim_nitrit` enum('Positif','Negatif') DEFAULT NULL,
  `kim_darah_samar` enum('Positif','Negatif') DEFAULT NULL,
  `id_pemeriksaan_lab` int(11) NOT NULL,
  PRIMARY KEY (`id_urin`),
  KEY `fk_urin_pemeriksaan_lab1` (`id_pemeriksaan_lab`)
) ENGINE=InnoDB DEFAULT CHARSET=latin1 AUTO_INCREMENT=1 ;

--
-- Dumping data for table `urin`
--


--
-- Constraints for dumped tables
--

--
-- Constraints for table `absensi`
--
ALTER TABLE `absensi`
  ADD CONSTRAINT `fk_absensi_pegawai1` FOREIGN KEY (`id_pegawai`) REFERENCES `pegawai` (`id_pegawai`) ON DELETE NO ACTION ON UPDATE NO ACTION;

--
-- Constraints for table `antrian`
--
ALTER TABLE `antrian`
  ADD CONSTRAINT `fk_antrian_kode_poli1` FOREIGN KEY (`id_poli`) REFERENCES `poli` (`id_poli`) ON DELETE NO ACTION ON UPDATE NO ACTION,
  ADD CONSTRAINT `fk_antrian_kunjungan10` FOREIGN KEY (`id_kunjungan`) REFERENCES `kunjungan` (`id_kunjungan`) ON DELETE NO ACTION ON UPDATE NO ACTION;

--
-- Constraints for table `cuti`
--
ALTER TABLE `cuti`
  ADD CONSTRAINT `fk_cuti_pegawai1` FOREIGN KEY (`id_pegawai`) REFERENCES `pegawai` (`id_pegawai`) ON DELETE NO ACTION ON UPDATE NO ACTION;

--
-- Constraints for table `dokter`
--
ALTER TABLE `dokter`
  ADD CONSTRAINT `fk_dokter_pegawai1` FOREIGN KEY (`id_pegawai`) REFERENCES `pegawai` (`id_pegawai`) ON DELETE NO ACTION ON UPDATE NO ACTION;

--
-- Constraints for table `dp3`
--
ALTER TABLE `dp3`
  ADD CONSTRAINT `fk_dp3_pegawai1` FOREIGN KEY (`id_pegawai`) REFERENCES `pegawai` (`id_pegawai`) ON DELETE NO ACTION ON UPDATE NO ACTION;

--
-- Constraints for table `gaji`
--
ALTER TABLE `gaji`
  ADD CONSTRAINT `fk_gaji_pegawai1` FOREIGN KEY (`id_pegawai`) REFERENCES `pegawai` (`id_pegawai`) ON DELETE NO ACTION ON UPDATE NO ACTION;

--
-- Constraints for table `history_harian_obat`
--
ALTER TABLE `history_harian_obat`
  ADD CONSTRAINT `fk_history_harian_obat_obat1` FOREIGN KEY (`id_obat`) REFERENCES `obat` (`id_obat`) ON DELETE NO ACTION ON UPDATE NO ACTION;

--
-- Constraints for table `history_obat`
--
ALTER TABLE `history_obat`
  ADD CONSTRAINT `fk_history_obat_obat100` FOREIGN KEY (`id_obat`) REFERENCES `obat` (`id_obat`) ON DELETE NO ACTION ON UPDATE NO ACTION;

--
-- Constraints for table `hiv`
--
ALTER TABLE `hiv`
  ADD CONSTRAINT `fk_hiv_pemeriksaan_lab1` FOREIGN KEY (`id_pemeriksaan_lab`) REFERENCES `pemeriksaan_lab` (`id_pemeriksaan_lab`) ON DELETE NO ACTION ON UPDATE NO ACTION;

--
-- Constraints for table `isi_obat`
--
ALTER TABLE `isi_obat`
  ADD CONSTRAINT `fk_obat_has_pemakainan_obat_obat11` FOREIGN KEY (`id_obat`) REFERENCES `obat` (`id_obat`) ON DELETE NO ACTION ON UPDATE NO ACTION,
  ADD CONSTRAINT `fk_obat_has_pemakainan_obat_pemakainan_obat11` FOREIGN KEY (`id_pemakainan_obat`) REFERENCES `pemakainan_obat` (`id_pemakainan_obat`) ON DELETE NO ACTION ON UPDATE NO ACTION;

--
-- Constraints for table `isi_obat_intern`
--
ALTER TABLE `isi_obat_intern`
  ADD CONSTRAINT `fk_obat_has_pemakainan_intern_obat00` FOREIGN KEY (`id_obat`) REFERENCES `obat` (`id_obat`) ON DELETE NO ACTION ON UPDATE NO ACTION,
  ADD CONSTRAINT `fk_obat_has_pemakainan_intern_pemakainan_intern100` FOREIGN KEY (`id_pemakainan_intern`) REFERENCES `pemakainan_intern` (`id_pemakainan_intern`) ON DELETE NO ACTION ON UPDATE NO ACTION;

--
-- Constraints for table `isi_resep`
--
ALTER TABLE `isi_resep`
  ADD CONSTRAINT `fk_obat_has_pemakainan_obat_obat100` FOREIGN KEY (`id_obat`) REFERENCES `obat` (`id_obat`) ON DELETE NO ACTION ON UPDATE NO ACTION,
  ADD CONSTRAINT `fk_obat_has_pemakainan_obat_pemakainan_obat100` FOREIGN KEY (`id_resep`) REFERENCES `resep` (`id_resep`) ON DELETE NO ACTION ON UPDATE NO ACTION;

--
-- Constraints for table `jabatan`
--
ALTER TABLE `jabatan`
  ADD CONSTRAINT `fk_jabatan_pegawai1` FOREIGN KEY (`id_pegawai`) REFERENCES `pegawai` (`id_pegawai`) ON DELETE NO ACTION ON UPDATE NO ACTION;

--
-- Constraints for table `kegiatan`
--
ALTER TABLE `kegiatan`
  ADD CONSTRAINT `fk_kegiatan_pegawai1` FOREIGN KEY (`id_pegawai`) REFERENCES `pegawai` (`id_pegawai`) ON DELETE NO ACTION ON UPDATE NO ACTION;

--
-- Constraints for table `kunjungan`
--
ALTER TABLE `kunjungan`
  ADD CONSTRAINT `fk_kunjungan_pasien2` FOREIGN KEY (`id_pasien`) REFERENCES `pasien` (`id_pasien`) ON DELETE NO ACTION ON UPDATE NO ACTION;

--
-- Constraints for table `kunjungan_has_layanan`
--
ALTER TABLE `kunjungan_has_layanan`
  ADD CONSTRAINT `fk_kunjungan_has_layanan_kunjungan1` FOREIGN KEY (`id_kunjungan`) REFERENCES `kunjungan` (`id_kunjungan`) ON DELETE NO ACTION ON UPDATE NO ACTION,
  ADD CONSTRAINT `fk_kunjungan_has_layanan_layanan1` FOREIGN KEY (`id_layanan`) REFERENCES `layanan` (`id_layanan`) ON DELETE NO ACTION ON UPDATE NO ACTION;

--
-- Constraints for table `layanan`
--
ALTER TABLE `layanan`
  ADD CONSTRAINT `fk_layanan_poli1` FOREIGN KEY (`poli_id_poli`) REFERENCES `poli` (`id_poli`) ON DELETE NO ACTION ON UPDATE NO ACTION;

--
-- Constraints for table `layanan_remed_kia`
--
ALTER TABLE `layanan_remed_kia`
  ADD CONSTRAINT `fk_layanan_has_remed_poli_kia_layanan1` FOREIGN KEY (`id_layanan`) REFERENCES `layanan` (`id_layanan`) ON DELETE NO ACTION ON UPDATE NO ACTION,
  ADD CONSTRAINT `fk_layanan_has_remed_poli_kia_remed_poli_kia1` FOREIGN KEY (`id_remed_kia`) REFERENCES `remed_poli_kia` (`id_remed_kia`) ON DELETE NO ACTION ON UPDATE NO ACTION;

--
-- Constraints for table `narkoba`
--
ALTER TABLE `narkoba`
  ADD CONSTRAINT `fk_narkoba_pemeriksaan_lab1` FOREIGN KEY (`id_pemeriksaan_lab`) REFERENCES `pemeriksaan_lab` (`id_pemeriksaan_lab`) ON DELETE NO ACTION ON UPDATE NO ACTION;

--
-- Constraints for table `pangkat_golongan`
--
ALTER TABLE `pangkat_golongan`
  ADD CONSTRAINT `fk_pangkat_golongan_pegawai1` FOREIGN KEY (`id_pegawai`) REFERENCES `pegawai` (`id_pegawai`) ON DELETE NO ACTION ON UPDATE NO ACTION;

--
-- Constraints for table `pasien`
--
ALTER TABLE `pasien`
  ADD CONSTRAINT `fk_pasien_KK0` FOREIGN KEY (`id_KK`) REFERENCES `kk` (`id_kk`) ON DELETE NO ACTION ON UPDATE NO ACTION;

--
-- Constraints for table `pegawai`
--
ALTER TABLE `pegawai`
  ADD CONSTRAINT `fk_pegawai_pegawai` FOREIGN KEY (`id_atasan`) REFERENCES `pegawai` (`id_pegawai`) ON DELETE NO ACTION ON UPDATE NO ACTION;

--
-- Constraints for table `pelatihan`
--
ALTER TABLE `pelatihan`
  ADD CONSTRAINT `fk_pelatihan_pegawai1` FOREIGN KEY (`id_pegawai`) REFERENCES `pegawai` (`id_pegawai`) ON DELETE NO ACTION ON UPDATE NO ACTION;

--
-- Constraints for table `pembayaran`
--
ALTER TABLE `pembayaran`
  ADD CONSTRAINT `fk_pembayaran_kunjungan1` FOREIGN KEY (`kunjungan_id_kunjungan`) REFERENCES `kunjungan` (`id_kunjungan`) ON DELETE NO ACTION ON UPDATE NO ACTION,
  ADD CONSTRAINT `fk_pembayaran_layanan1` FOREIGN KEY (`layanan_id_layanan`) REFERENCES `layanan` (`id_layanan`) ON DELETE NO ACTION ON UPDATE NO ACTION;

--
-- Constraints for table `pemeriksaan_dahak`
--
ALTER TABLE `pemeriksaan_dahak`
  ADD CONSTRAINT `fk_pemeriksaan_dahak_pemeriksaan_lab1` FOREIGN KEY (`id_pemeriksaan_lab`) REFERENCES `pemeriksaan_lab` (`id_pemeriksaan_lab`) ON DELETE NO ACTION ON UPDATE NO ACTION,
  ADD CONSTRAINT `fk_pemeriksaan_dahak_tbc1` FOREIGN KEY (`id_tbc`) REFERENCES `tbc` (`id_tbc`) ON DELETE NO ACTION ON UPDATE NO ACTION;

--
-- Constraints for table `pemeriksaan_lab`
--
ALTER TABLE `pemeriksaan_lab`
  ADD CONSTRAINT `fk_pemeriksaan_lab_layanan10` FOREIGN KEY (`id_layanan`) REFERENCES `layanan` (`id_layanan`) ON DELETE NO ACTION ON UPDATE NO ACTION;

--
-- Constraints for table `pendidikan`
--
ALTER TABLE `pendidikan`
  ADD CONSTRAINT `fk_pendidikan_pegawai1` FOREIGN KEY (`id_pegawai`) REFERENCES `pegawai` (`id_pegawai`) ON DELETE NO ACTION ON UPDATE NO ACTION;

--
-- Constraints for table `penyakit`
--
ALTER TABLE `penyakit`
  ADD CONSTRAINT `fk_penyakit_poli1` FOREIGN KEY (`poli_id_poli`) REFERENCES `poli` (`id_poli`) ON DELETE NO ACTION ON UPDATE NO ACTION;

--
-- Constraints for table `penyakit_remed_gigi`
--
ALTER TABLE `penyakit_remed_gigi`
  ADD CONSTRAINT `fk_penyakit_has_remed_poli_gigi_penyakit1` FOREIGN KEY (`id_penyakit`) REFERENCES `penyakit` (`id_penyakit`) ON DELETE NO ACTION ON UPDATE NO ACTION,
  ADD CONSTRAINT `fk_penyakit_has_remed_poli_gigi_remed_poli_gigi2` FOREIGN KEY (`id_remed_gigi`) REFERENCES `remed_poli_gigi` (`id_remed_gigi`) ON DELETE NO ACTION ON UPDATE NO ACTION;

--
-- Constraints for table `penyakit_remed_kia`
--
ALTER TABLE `penyakit_remed_kia`
  ADD CONSTRAINT `fk_penyakit_has_remed_poli_kia_penyakit1` FOREIGN KEY (`id_penyakit`) REFERENCES `penyakit` (`id_penyakit`) ON DELETE NO ACTION ON UPDATE NO ACTION,
  ADD CONSTRAINT `fk_penyakit_has_remed_poli_kia_remed_poli_kia1` FOREIGN KEY (`id_remed_kia`) REFERENCES `remed_poli_kia` (`id_remed_kia`) ON DELETE NO ACTION ON UPDATE NO ACTION;

--
-- Constraints for table `penyakit_remed_umum`
--
ALTER TABLE `penyakit_remed_umum`
  ADD CONSTRAINT `fk_penyakit_has_remed_poli_umum_penyakit1` FOREIGN KEY (`id_penyakit1`) REFERENCES `penyakit` (`id_penyakit`) ON DELETE NO ACTION ON UPDATE NO ACTION,
  ADD CONSTRAINT `fk_penyakit_has_remed_poli_umum_remed_poli_umum1` FOREIGN KEY (`id_remed_umum`) REFERENCES `remed_poli_umum` (`id_remed_umum`) ON DELETE NO ACTION ON UPDATE NO ACTION;

--
-- Constraints for table `remedi_umum_layanan`
--
ALTER TABLE `remedi_umum_layanan`
  ADD CONSTRAINT `fk_remed_poli_umum_has_layanan_layanan1` FOREIGN KEY (`id_layanan`) REFERENCES `layanan` (`id_layanan`) ON DELETE NO ACTION ON UPDATE NO ACTION,
  ADD CONSTRAINT `fk_remed_poli_umum_has_layanan_remed_poli_umum1` FOREIGN KEY (`id_remed_umum`) REFERENCES `remed_poli_umum` (`id_remed_umum`) ON DELETE NO ACTION ON UPDATE NO ACTION;

--
-- Constraints for table `remed_gigi_layanan`
--
ALTER TABLE `remed_gigi_layanan`
  ADD CONSTRAINT `fk_remed_poli_gigi_has_layanan_layanan1` FOREIGN KEY (`id_layanan`) REFERENCES `layanan` (`id_layanan`) ON DELETE NO ACTION ON UPDATE NO ACTION,
  ADD CONSTRAINT `fk_remed_poli_gigi_has_layanan_remed_poli_gigi1` FOREIGN KEY (`id_remed_gigi`) REFERENCES `remed_poli_gigi` (`id_remed_gigi`) ON DELETE NO ACTION ON UPDATE NO ACTION;

--
-- Constraints for table `remed_poli_gigi`
--
ALTER TABLE `remed_poli_gigi`
  ADD CONSTRAINT `fk_remed_poli_gigi_kunjungan1` FOREIGN KEY (`id_kunjungan`) REFERENCES `kunjungan` (`id_kunjungan`) ON DELETE NO ACTION ON UPDATE NO ACTION,
  ADD CONSTRAINT `fk_remed_poli_gigi_pasien1` FOREIGN KEY (`id_pasien`) REFERENCES `pasien` (`id_pasien`) ON DELETE NO ACTION ON UPDATE NO ACTION;

--
-- Constraints for table `remed_poli_kia`
--
ALTER TABLE `remed_poli_kia`
  ADD CONSTRAINT `fk_remed_poli_kia_kunjungan1` FOREIGN KEY (`id_kunjungan`) REFERENCES `kunjungan` (`id_kunjungan`) ON DELETE NO ACTION ON UPDATE NO ACTION,
  ADD CONSTRAINT `fk_remed_poli_kia_pasien1` FOREIGN KEY (`id_pasien`) REFERENCES `pasien` (`id_pasien`) ON DELETE NO ACTION ON UPDATE NO ACTION;

--
-- Constraints for table `remed_poli_umum`
--
ALTER TABLE `remed_poli_umum`
  ADD CONSTRAINT `fk_remed_poli_umum_campak1` FOREIGN KEY (`campak_id_campak`) REFERENCES `campak` (`id_campak`) ON DELETE NO ACTION ON UPDATE NO ACTION,
  ADD CONSTRAINT `fk_remed_poli_umum_diare1` FOREIGN KEY (`id_diare`) REFERENCES `diare` (`id_diare`) ON DELETE NO ACTION ON UPDATE NO ACTION,
  ADD CONSTRAINT `fk_remed_poli_umum_ispa1` FOREIGN KEY (`id_ispa`) REFERENCES `ispa` (`id_ispa`) ON DELETE NO ACTION ON UPDATE NO ACTION,
  ADD CONSTRAINT `fk_remed_poli_umum_kunjungan1` FOREIGN KEY (`id_kunjungan`) REFERENCES `kunjungan` (`id_kunjungan`) ON DELETE NO ACTION ON UPDATE NO ACTION,
  ADD CONSTRAINT `fk_remed_poli_umum_pasien1` FOREIGN KEY (`id_pasien`) REFERENCES `pasien` (`id_pasien`) ON DELETE NO ACTION ON UPDATE NO ACTION,
  ADD CONSTRAINT `fk_remed_poli_umum_tbc1` FOREIGN KEY (`id_tbc`) REFERENCES `tbc` (`id_tbc`) ON DELETE NO ACTION ON UPDATE NO ACTION;

--
-- Constraints for table `remed_umum_lab`
--
ALTER TABLE `remed_umum_lab`
  ADD CONSTRAINT `fk_remed_poli_umum_has_pemeriksaan_lab_pemeriksaan_lab1` FOREIGN KEY (`id_pemeriksaan_lab`) REFERENCES `pemeriksaan_lab` (`id_pemeriksaan_lab`) ON DELETE NO ACTION ON UPDATE NO ACTION,
  ADD CONSTRAINT `fk_remed_poli_umum_has_pemeriksaan_lab_remed_poli_umum1` FOREIGN KEY (`id_remed_umum`) REFERENCES `remed_poli_umum` (`id_remed_umum`) ON DELETE NO ACTION ON UPDATE NO ACTION;

--
-- Constraints for table `resep`
--
ALTER TABLE `resep`
  ADD CONSTRAINT `fk_resep_pasien1` FOREIGN KEY (`id_pasien`) REFERENCES `pasien` (`id_pasien`) ON DELETE NO ACTION ON UPDATE NO ACTION;

--
-- Constraints for table `rontgen`
--
ALTER TABLE `rontgen`
  ADD CONSTRAINT `fk_rontgen_kunjungan10` FOREIGN KEY (`id_kunjungan`) REFERENCES `kunjungan` (`id_kunjungan`) ON DELETE NO ACTION ON UPDATE NO ACTION,
  ADD CONSTRAINT `fk_rontgen_layanan10` FOREIGN KEY (`id_layanan`) REFERENCES `layanan` (`id_layanan`) ON DELETE NO ACTION ON UPDATE NO ACTION;

--
-- Constraints for table `tanggungan`
--
ALTER TABLE `tanggungan`
  ADD CONSTRAINT `fk_tanggungan_pegawai1` FOREIGN KEY (`id_pegawai`) REFERENCES `pegawai` (`id_pegawai`) ON DELETE NO ACTION ON UPDATE NO ACTION;

--
-- Constraints for table `urin`
--
ALTER TABLE `urin`
  ADD CONSTRAINT `fk_urin_pemeriksaan_lab1` FOREIGN KEY (`id_pemeriksaan_lab`) REFERENCES `pemeriksaan_lab` (`id_pemeriksaan_lab`) ON DELETE NO ACTION ON UPDATE NO ACTION;

/*!40101 SET CHARACTER_SET_CLIENT=@OLD_CHARACTER_SET_CLIENT */;
/*!40101 SET CHARACTER_SET_RESULTS=@OLD_CHARACTER_SET_RESULTS */;
/*!40101 SET COLLATION_CONNECTION=@OLD_COLLATION_CONNECTION */;
